<?xml version="1.0" encoding="UTF-8"?>
<AsterixCategory cat="158">
	<DataItem>
		<Id>10</Id>
		<Name>DataSourceIdentifier</Name>
		<Type>0</Type>
		<EncodingRule>1</EncodingRule>
		<DataUnit>
			<Name>SAC</Name>
			<Bits>8</Bits>
			<TypeFormat>0</TypeFormat>
		</DataUnit>
		<DataUnit>
			<Name>SIC</Name>
			<Bits>8</Bits>
			<TypeFormat>0</TypeFormat>
		</DataUnit>
	</DataItem>
	<DataItem>
		<Id>20</Id>
		<Name>CodigoDaMensagem</Name>
		<Type>0</Type>
		<DataUnit>
			<Name>CODIGO_MSG</Name>
			<Bits>16</Bits>
			<TypeFormat>0</TypeFormat>
		</DataUnit>
	</DataItem>
	<DataItem>
		<Id>30</Id>
		<Name>CodigoDaResposta</Name>
		<Type>0</Type>
		<DataUnit>
			<Name>CODIGO_RSP</Name>
			<Bits>8</Bits>
			<TypeFormat>0</TypeFormat>
		</DataUnit>
	</DataItem>
	<DataItem>
		<Id>40</Id>
		<Name>VeraoDoSistema</Name>
		<Type>0</Type>
		<DataUnit>
			<Name>MAJOR</Name>
			<Bits>16</Bits>
			<TypeFormat>0</TypeFormat>
		</DataUnit>
		<DataUnit>
			<Name>MINOR</Name>
			<Bits>16</Bits>
			<TypeFormat>0</TypeFormat>
		</DataUnit>
		<DataUnit>
			<Name>BUILD</Name>
			<Bits>16</Bits>
			<TypeFormat>0</TypeFormat>
		</DataUnit>
	</DataItem>
	<DataItem>
		<Id>50</Id>
		<Name>PerfilDeUsuario</Name>
		<Type>0</Type>
		<DataUnit>
			<Name>PERFIL</Name>
			<Bits>8</Bits>
			<TypeFormat>0</TypeFormat>
		</DataUnit>
	</DataItem>
	<DataItem>
		<Id>55</Id>
		<Name>Senha</Name>
		<Type>0</Type>
		<DataUnit>
			<Name>LEN</Name>
			<Bits>8</Bits>
			<TypeFormat>0</TypeFormat>
		</DataUnit>
		<DataUnit>
			<Name>SENHA</Name>
			<Bits>8</Bits>
			<TypeFormat>0</TypeFormat>
		</DataUnit>
	</DataItem>
	<DataItem>
		<Id>60</Id>
		<Name>DataHoraSistema</Name>
		<Type>0</Type>
		<DataUnit>
			<Name>TOD_SYS</Name>
			<Bits>32</Bits>
			<TypeFormat></TypeFormat>
		</DataUnit>
	</DataItem>
</AsterixCategory>