<?xml version="1.0" encoding="UTF-8"?>
<AsterixCategory cat="10">
	<DataItem>
		<Id>10</Id>
		<Name>Data Source Identifier</Name>
		<Type>0</Type>
		<EncodingRule>1</EncodingRule>
		<DataUnit>
			<Name>SAC</Name>
			<Bits>8</Bits>
			<TypeFormat>0</TypeFormat>
		</DataUnit>
		<DataUnit>
			<Name>SIC</Name>
			<Bits>8</Bits>
			<TypeFormat>0</TypeFormat>
		</DataUnit>
	</DataItem>
	<DataItem>
		<Id>0</Id>
		<Name>Message Type</Name>
		<Type>0</Type>
		<EncodingRule>1</EncodingRule>
		<DataUnit>
			<Name>Message Type</Name>
			<Bits>8</Bits>
			<TypeFormat>0</TypeFormat>
		</DataUnit>
	</DataItem>
	<DataItem>
		<Id>20</Id>
		<Name>Target Report Descriptor</Name>
		<Type>1</Type>
		<Extent>
			<DataUnit>
				<Name>TYP</Name>
				<Bits>3</Bits>
				<TypeFormat>0</TypeFormat>
			</DataUnit>				
			<DataUnit>
				<Name>DCR</Name>
				<Bits>1</Bits>
				<TypeFormat>0</TypeFormat>
			</DataUnit>			
			<DataUnit>
				<Name>CHN</Name>
				<Bits>1</Bits>
				<TypeFormat>0</TypeFormat>
			</DataUnit>			
			<DataUnit>
				<Name>GBS</Name>
				<Bits>1</Bits>
				<TypeFormat>0</TypeFormat>
			</DataUnit>
			<DataUnit>
				<Name>CRT</Name>
				<Bits>1</Bits>
				<TypeFormat>0</TypeFormat>
			</DataUnit>
		</Extent>		
		<Extent>
			<DataUnit>
				<Name>SIM</Name>
				<Bits>1</Bits>
				<TypeFormat>0</TypeFormat>
			</DataUnit>
			<DataUnit>
				<Name>TST</Name>
				<Bits>1</Bits>
				<TypeFormat>0</TypeFormat>
			</DataUnit>
			<DataUnit>
				<Name>RAB</Name>
				<Bits>1</Bits>
				<TypeFormat>0</TypeFormat>
			</DataUnit>
			<DataUnit>
				<Name>LOP</Name>
				<Bits>2</Bits>
				<TypeFormat>0</TypeFormat>
			</DataUnit>
			<DataUnit>
				<Name>TOT</Name>
				<Bits>2</Bits>
				<TypeFormat>0</TypeFormat>
			</DataUnit>
		</Extent>
		<Extent>
			<DataUnit>
				<Name>SPI</Name>
				<Bits>1</Bits>
				<TypeFormat>0</TypeFormat>
			</DataUnit>
			<DataUnit>
				<Name>Spare bits</Name>
				<Bits>6</Bits>
				<TypeFormat>0</TypeFormat>
			</DataUnit>
		</Extent>
	</DataItem>
	<DataItem>
		<Id>140</Id>
		<Name>Time Of Day</Name>
		<Type>0</Type>
		<EncodingRule>1</EncodingRule>
		<DataUnit>
			<Name>Time Of Day</Name>
			<Bits>24</Bits>
			<TypeFormat>0</TypeFormat>
			<LSB>7.8125e-3</LSB>
		</DataUnit>
	</DataItem>
	<DataItem>
		<Id>41</Id>
		<Name>Position in WGS-84 Coordinates</Name>
		<Type>0</Type>
		<DataUnit>
			<Name>Latitude in WGS-84</Name>
			<Bits>32</Bits>
			<TypeFormat>1</TypeFormat>
			<LSB>8.381903171e-8</LSB>
		</DataUnit>
		<DataUnit>
			<Name>Longitude in WGS-84</Name>
			<Bits>32</Bits>
			<TypeFormat>1</TypeFormat>
			<LSB>8.381903171e-8</LSB>
		</DataUnit>
	</DataItem>
	<DataItem>
		<Id>40</Id>
		<Name>Measured Position in Polar Coordinates</Name>
		<Type>0</Type>
		<DataUnit>
			<Name>RHO</Name>
			<Bits>16</Bits>
			<TypeFormat>0</TypeFormat>
			<LSB>1</LSB>
		</DataUnit>
		<DataUnit>
			<Name>Theta</Name>
			<Bits>16</Bits>
			<TypeFormat>0</TypeFormat>
			<LSB>5.493164062e-3</LSB>
		</DataUnit>
	</DataItem>
	<DataItem>
		<Id>42</Id>
		<Name>Position in Cartesian Coordinates</Name>
		<Type>0</Type>
		<DataUnit>
			<Name>X-Component</Name>
			<Bits>16</Bits>
			<TypeFormat>1</TypeFormat>
			<LSB>1</LSB>
		</DataUnit>
		<DataUnit>
			<Name>Y-Component</Name>
			<Bits>16</Bits>
			<TypeFormat>1</TypeFormat>
			<LSB>1</LSB>
		</DataUnit>
	</DataItem>
	<DataItem>
		<Id>200</Id>
		<Name>Calculated Track Velocity in Polar Coordinates</Name>
		<Type>0</Type>
		<DataUnit>
			<Name>Ground Speed</Name>
			<Bits>16</Bits>
			<TypeFormat>0</TypeFormat>
			<LSB>2e-14</LSB>
		</DataUnit>
		<DataUnit>
			<Name>Track Angle</Name>
			<Bits>16</Bits>
			<TypeFormat>0</TypeFormat>
			<LSB>5.493164062e-3</LSB>
		</DataUnit>
	</DataItem>
	<DataItem>
		<Id>202</Id>
		<Name>Calculated Track Velocity in Cartesian Coordinates</Name>
		<Type>0</Type>
		<DataUnit>
			<Name>Vx</Name>
			<Bits>16</Bits>
			<TypeFormat>1</TypeFormat>
			<LSB>0.25</LSB>
		</DataUnit>
		<DataUnit>
			<Name>Vy</Name>
			<Bits>16</Bits>
			<TypeFormat>1</TypeFormat>
			<LSB>0.25</LSB>
		</DataUnit>
	</DataItem>
	<DataItem>
		<Id>161</Id>
		<Name>Track Number</Name>
		<Type>0</Type>
		<DataUnit>
			<Name>Track Number</Name>
			<Bits>16</Bits>
			<TypeFormat>0</TypeFormat>
		</DataUnit>
	</DataItem>
	<DataItem>
		<Id>170</Id>
		<Name>Track Status</Name>
		<Type>1</Type>
		<Extent>
			<DataUnit>
				<Name>CNF</Name>
				<Bits>1</Bits>
				<TypeFormat>0</TypeFormat>
			</DataUnit>
			<DataUnit>
				<Name>TRE</Name>
				<Bits>1</Bits>
				<TypeFormat>0</TypeFormat>
			</DataUnit>
			<DataUnit>
				<Name>CST</Name>
				<Bits>2</Bits>
				<TypeFormat>0</TypeFormat>
			</DataUnit>
			<DataUnit>
				<Name>MAH</Name>
				<Bits>1</Bits>
				<TypeFormat>0</TypeFormat>
			</DataUnit>
			<DataUnit>
				<Name>TCC</Name>
				<Bits>1</Bits>
				<TypeFormat>0</TypeFormat>
			</DataUnit>
			<DataUnit>
				<Name>STH</Name>
				<Bits>1</Bits>
				<TypeFormat>0</TypeFormat>
			</DataUnit>
		</Extent>
		<Extent>
			<DataUnit>
				<Name>TOM</Name>
				<Bits>2</Bits>
				<TypeFormat>0</TypeFormat>
			</DataUnit>
			<DataUnit>
				<Name>DOU</Name>
				<Bits>3</Bits>
				<TypeFormat>0</TypeFormat>
			</DataUnit>
			<DataUnit>
				<Name>MRS</Name>
				<Bits>2</Bits>
				<TypeFormat>0</TypeFormat>
			</DataUnit>
		</Extent>
		<Extent>
			<DataUnit>
				<Name>GHO</Name>
				<Bits>1</Bits>
				<TypeFormat>0</TypeFormat>
			</DataUnit>
			<DataUnit>
				<Name>Spare bits</Name>
				<Bits>6</Bits>
				<TypeFormat>0</TypeFormat>
			</DataUnit>
		</Extent>
	</DataItem>
	<DataItem>
		<Id>60</Id>
		<Name>Mode-3/A Code in Octal Representation</Name>
		<Type>0</Type>
		<DataUnit>
			<Name>V</Name>
			<Bits>1</Bits>
			<TypeFormat>0</TypeFormat>
		</DataUnit>
		<DataUnit>
			<Name>G</Name>
			<Bits>1</Bits>
			<TypeFormat>0</TypeFormat>
		</DataUnit>
		<DataUnit>
			<Name>L</Name>
			<Bits>1</Bits>
			<TypeFormat>0</TypeFormat>
		</DataUnit>
		<DataUnit>
			<Name>Spare</Name>
			<Bits>1</Bits>
			<TypeFormat>0</TypeFormat>
		</DataUnit>
		<DataUnit>
			<Name>Mode-3/A Code</Name>
			<Bits>12</Bits>
			<TypeFormat>0</TypeFormat>
		</DataUnit>
	</DataItem>
	<DataItem>
		<Id>220</Id>
		<Name>Target Address</Name>
		<Type>0</Type>
		<DataUnit>
			<Name>Target Address</Name>
			<Bits>24</Bits>
			<TypeFormat>0</TypeFormat>
		</DataUnit>
	</DataItem>
	<DataItem>
		<Id>245</Id>
		<Name>Target Identification</Name>
		<Type>0</Type>
		<DataUnit>
			<Name>STI</Name>
			<Bits>2</Bits>
			<TypeFormat>0</TypeFormat>
		</DataUnit>
		<DataUnit>
			<Name>Spare bits</Name>
			<Bits>6</Bits>
			<TypeFormat>0</TypeFormat>
		</DataUnit>
		<DataUnit>
			<Name>Character 1</Name>
			<Bits>6</Bits>
			<TypeFormat>2</TypeFormat>
		</DataUnit>
		<DataUnit>
			<Name>Character 2</Name>
			<Bits>6</Bits>
			<TypeFormat>2</TypeFormat>
		</DataUnit>
		<DataUnit>
			<Name>Character 3</Name>
			<Bits>6</Bits>
			<TypeFormat>2</TypeFormat>
		</DataUnit>
		<DataUnit>
			<Name>Character 4</Name>
			<Bits>6</Bits>
			<TypeFormat>2</TypeFormat>
		</DataUnit>
		<DataUnit>
			<Name>Character 5</Name>
			<Bits>6</Bits>
			<TypeFormat>2</TypeFormat>
		</DataUnit>
		<DataUnit>
			<Name>Character 6</Name>
			<Bits>6</Bits>
			<TypeFormat>2</TypeFormat>
		</DataUnit>
		<DataUnit>
			<Name>Character 7</Name>
			<Bits>6</Bits>
			<TypeFormat>2</TypeFormat>
		</DataUnit>
		<DataUnit>
			<Name>Character 8</Name>
			<Bits>6</Bits>
			<TypeFormat>2</TypeFormat>
		</DataUnit>
	</DataItem>
	<DataItem>
		<Id>250</Id>
		<Name>TODO: Mode S MB Data</Name>
		<Type>0</Type>
		<DataUnit>
			<Name>TODO: Mode S MB Data - 1</Name>
			<Bits>32</Bits>
			<TypeFormat>0</TypeFormat>
		</DataUnit>
		<DataUnit>
			<Name>TODO: Mode S MB Data - 2</Name>
			<Bits>32</Bits>
			<TypeFormat>0</TypeFormat>
		</DataUnit>
		<DataUnit>
			<Name>TODO: Mode S MB Data - 3</Name>
			<Bits>8</Bits>
			<TypeFormat>0</TypeFormat>
		</DataUnit>	
	</DataItem>
	<DataItem>
		<Id>300</Id>
		<Name>Vehicle Fleet Identification</Name>
		<Type>0</Type>
		<DataUnit>
			<Name>Vehicle Fleet Identification</Name>
			<Bits>8</Bits>
			<TypeFormat>0</TypeFormat>
		</DataUnit>
	</DataItem>			
	<DataItem>
		<Id>90</Id>
		<Name>Flight Level in Binary Representation</Name>
		<Type>0</Type>
		<DataUnit>
			<Name>V</Name>
			<Bits>1</Bits>
			<TypeFormat>0</TypeFormat>
		</DataUnit>		
		<DataUnit>
			<Name>G</Name>
			<Bits>1</Bits>
			<TypeFormat>0</TypeFormat>
		</DataUnit>		
		<DataUnit>
			<Name>Flight Level</Name>
			<Bits>14</Bits>
			<TypeFormat>1</TypeFormat>
			<LSB>0.25</LSB>
		</DataUnit>
	</DataItem>
	<DataItem>
		<Id>91</Id>
		<Name>Measured Height</Name>
		<Type>0</Type>
		<DataUnit>
			<Name>Measured Height</Name>
			<Bits>16</Bits>
			<TypeFormat>1</TypeFormat>
			<LSB>6.25</LSB>
		</DataUnit>
	</DataItem>
	<DataItem>
		<Id>270</Id>
		<Name>Target Size And Orientation</Name>
		<Type>1</Type>
		<Extent>
			<DataUnit>
				<Name>Length</Name>
				<Bits>7</Bits>
				<TypeFormat>0</TypeFormat>
				<LSB>1</LSB>
			</DataUnit>
		</Extent>
		<Extent>
			<DataUnit>
				<Name>Orientation</Name>
				<Bits>7</Bits>
				<TypeFormat>0</TypeFormat>
				<LSB>2.8125</LSB>
			</DataUnit>
		</Extent>
		<Extent>
			<DataUnit>
				<Name>Width</Name>
				<Bits>7</Bits>
				<TypeFormat>0</TypeFormat>
				<LSB>1</LSB>
			</DataUnit>
		</Extent>
	</DataItem>
	<DataItem>
		<Id>550</Id>
		<Name>System Status</Name>
		<Type>0</Type>
		<DataUnit>
			<Name>NOGO</Name>
			<Bits>2</Bits>
			<TypeFormat>0</TypeFormat>
		</DataUnit>
		<DataUnit>
			<Name>OVL</Name>
			<Bits>1</Bits>
			<TypeFormat>0</TypeFormat>
		</DataUnit>
		<DataUnit>
			<Name>TSV</Name>
			<Bits>1</Bits>
			<TypeFormat>0</TypeFormat>
		</DataUnit>
		<DataUnit>
			<Name>DIV</Name>
			<Bits>1</Bits>
			<TypeFormat>0</TypeFormat>
		</DataUnit>
		<DataUnit>
			<Name>TTF</Name>
			<Bits>1</Bits>
			<TypeFormat>0</TypeFormat>
		</DataUnit>
		<DataUnit>
			<Name>Spare bits</Name>
			<Bits>2</Bits>
			<TypeFormat>0</TypeFormat>
		</DataUnit>
	</DataItem>
	<DataItem>
		<Id>310</Id>
		<Name>Pre-programmed Message</Name>
		<Type>0</Type>
		<DataUnit>
			<Name>TRB</Name>
			<Bits>1</Bits>
			<TypeFormat>0</TypeFormat>
		</DataUnit>
		<DataUnit>
			<Name>MSG</Name>
			<Bits>7</Bits>
			<TypeFormat>0</TypeFormat>
		</DataUnit>
	</DataItem>
	<DataItem>
		<Id>500</Id>
		<Name>Standard Deviation of Position</Name>
		<Type>0</Type>
		<DataUnit>
			<Name>Sigma X</Name>
			<Bits>8</Bits>
			<TypeFormat>0</TypeFormat>
			<LSB>0.25</LSB>
		</DataUnit>
		<DataUnit>
			<Name>Sigma Y</Name>
			<Bits>8</Bits>
			<TypeFormat>0</TypeFormat>
			<LSB>0.25</LSB>
		</DataUnit>
			<DataUnit>
			<Name>Sigma XY</Name>
			<Bits>16</Bits>
			<TypeFormat>1</TypeFormat>
			<LSB>0.25</LSB>
		</DataUnit>
	</DataItem>
	<DataItem>
		<Id>280</Id>
		<Name>Presence</Name>
		<Type>3</Type>
		<DataUnit>
			<Name>DRHO</Name>
			<Bits>8</Bits>
			<TypeFormat>0</TypeFormat>
			<LSB>1</LSB>
		</DataUnit>
		<DataUnit>
			<Name>DTHETA</Name>
			<Bits>8</Bits>
			<TypeFormat>0</TypeFormat>
			<LSB>0.15</LSB>
		</DataUnit>
	</DataItem>
	<DataItem>
		<Id>131</Id>
		<Name>Amplitude of Primary Plot</Name>
		<Type>0</Type>
		<DataUnit>
			<Name>Amplitude of Primary Plot</Name>
			<Bits>8</Bits>
			<TypeFormat>0</TypeFormat>
		</DataUnit>
	</DataItem>
	<DataItem>
		<Id>210</Id>
		<Name>Calculated Acceleration</Name>
		<Type>0</Type>
		<DataUnit>
			<Name>Ax</Name>
			<Bits>8</Bits>
			<TypeFormat>1</TypeFormat>
			<LSB>0.25</LSB>
		</DataUnit>
		<DataUnit>
			<Name>Ay</Name>
			<Bits>8</Bits>
			<TypeFormat>1</TypeFormat>
			<LSB>0.25</LSB>
		</DataUnit>
	</DataItem>
	<DataItem>
		<Id>800</Id>
		<Name>SpecialPurpose</Name>
		<Type>0</Type>
		<DataUnit>
			<Name>LEN</Name>
			<Bits>8</Bits>
			<TypeFormat>0</TypeFormat>
		</DataUnit>
		<DataUnit>
			<Name>Classificacao</Name>
			<Bits>8</Bits>
			<TypeFormat>0</TypeFormat>
		</DataUnit>
		<DataUnit>
			<Name>Ameaca</Name>
			<Bits>8</Bits>
			<TypeFormat>0</TypeFormat>
		</DataUnit>
	</DataItem>
</AsterixCategory>