<?xml version="1.0" encoding="UTF-8"?>
<AsterixCategory cat="21">
	<DataItem>
		<Id>08</Id>
		<Name>Aircraft Operational Status</Name>
		<Type>0</Type>
		<EncodingRule>0</EncodingRule>
		<DataUnit>
			<Name>RA</Name>
			<Bits>1</Bits>
			<TypeFormat>0</TypeFormat>
		</DataUnit>
		<DataUnit>
			<Name>TC</Name>
			<Bits>2</Bits>
			<TypeFormat>0</TypeFormat>
		</DataUnit>
		<DataUnit>
			<Name>TS</Name>
			<Bits>1</Bits>
			<TypeFormat>0</TypeFormat>
		</DataUnit>
		<DataUnit>
			<Name>ARV</Name>
			<Bits>1</Bits>
			<TypeFormat>0</TypeFormat>
		</DataUnit>
		<DataUnit>
			<Name>CDTI/A</Name>
			<Bits>1</Bits>
			<TypeFormat>0</TypeFormat>
		</DataUnit>
		<DataUnit>
			<Name>Not TCAS</Name>
			<Bits>1</Bits>
			<TypeFormat>0</TypeFormat>
		</DataUnit>
		<DataUnit>
			<Name>spare1</Name>
			<Bits>1</Bits>
			<TypeFormat>0</TypeFormat>
		</DataUnit>
	</DataItem>
	<DataItem>
		<Id>10</Id>
		<Name>Data Source Identification</Name>
		<Type>0</Type>
		<EncodingRule>1</EncodingRule>
		<DataUnit>
			<Name>SAC</Name>
			<Bits>8</Bits>
			<TypeFormat>0</TypeFormat>
		</DataUnit>
		<DataUnit>
			<Name>SIC</Name>
			<Bits>8</Bits>
			<TypeFormat>0</TypeFormat>
		</DataUnit>
	</DataItem>
	<DataItem>
		<Id>15</Id>
		<Name>Service Identification</Name>
		<Type>0</Type>
		<EncodingRule>0</EncodingRule>
		<DataUnit>
			<Name>Service Identification</Name>
			<Bits>8</Bits>
			<TypeFormat>0</TypeFormat>
		</DataUnit>
	</DataItem>
	<DataItem>
		<Id>16</Id>
		<Name>Service Management</Name>
		<Type>0</Type>
		<EncodingRule>0</EncodingRule>
		<DataUnit>
			<Name>RP</Name>
			<Bits>8</Bits>
			<TypeFormat>0</TypeFormat>
			<LSB>0.5</LSB>
		</DataUnit>
	</DataItem>
	<DataItem>
		<Id>20</Id>
		<Name>Emitter Category</Name>
		<Type>0</Type>
		<EncodingRule>0</EncodingRule>
		<DataUnit>
			<Name>ECAT</Name>
			<Bits>8</Bits>
			<TypeFormat>0</TypeFormat>
		</DataUnit>
	</DataItem>
	<DataItem>
		<Id>40</Id>
		<Name>Target Report Descriptor</Name>
		<Type>1</Type>
		<EncodingRule>1</EncodingRule>
		<Extent>
			<DataUnit>
				<Name>ATP</Name>
				<Bits>3</Bits>
				<TypeFormat>0</TypeFormat>
			</DataUnit>				
			<DataUnit>
				<Name>ARC</Name>
				<Bits>2</Bits>
				<TypeFormat>0</TypeFormat>
			</DataUnit>			
			<DataUnit>
				<Name>RC</Name>
				<Bits>1</Bits>
				<TypeFormat>0</TypeFormat>
			</DataUnit>			
			<DataUnit>
				<Name>RAB</Name>
				<Bits>1</Bits>
				<TypeFormat>0</TypeFormat>
			</DataUnit>			
		</Extent>		
		<Extent>
			<DataUnit>
				<Name>DCR</Name>
				<Bits>1</Bits>
				<TypeFormat>0</TypeFormat>
			</DataUnit>
			<DataUnit>
				<Name>GBS</Name>
				<Bits>1</Bits>
				<TypeFormat>0</TypeFormat>
			</DataUnit>
			<DataUnit>
				<Name>SIM</Name>
				<Bits>1</Bits>
				<TypeFormat>0</TypeFormat>
			</DataUnit>
			<DataUnit>
				<Name>TST</Name>
				<Bits>1</Bits>
				<TypeFormat>0</TypeFormat>
			</DataUnit>
			<DataUnit>
				<Name>SAA</Name>
				<Bits>1</Bits>
				<TypeFormat>0</TypeFormat>
			</DataUnit>
			<DataUnit>
				<Name>CL</Name>
				<Bits>2</Bits>
				<TypeFormat>0</TypeFormat>
			</DataUnit>			
		</Extent>
		<Extent>
			<DataUnit>
				<Name>EC7</Name>
				<Bits>1</Bits>
				<TypeFormat>0</TypeFormat>
			</DataUnit>
			<DataUnit>
				<Name>EC6</Name>
				<Bits>1</Bits>
				<TypeFormat>0</TypeFormat>
			</DataUnit>
			<DataUnit>
				<Name>EC5</Name>
				<Bits>1</Bits>
				<TypeFormat>0</TypeFormat>
			</DataUnit>
			<DataUnit>
				<Name>NOGO</Name>
				<Bits>1</Bits>
				<TypeFormat>0</TypeFormat>
			</DataUnit>
			<DataUnit>
				<Name>CPR</Name>
				<Bits>1</Bits>
				<TypeFormat>0</TypeFormat>
			</DataUnit>
			<DataUnit>
				<Name>LDPJ</Name>
				<Bits>1</Bits>
				<TypeFormat>0</TypeFormat>
			</DataUnit>
			<DataUnit>
				<Name>RCF</Name>
				<Bits>1</Bits>
				<TypeFormat>0</TypeFormat>
			</DataUnit>			
		</Extent>
	</DataItem>
	<DataItem>
		<Id>70</Id>
		<Name>Mode 3/A Code in Octal Representation</Name>
		<Type>0</Type>
		<EncodingRule>0</EncodingRule>
		<DataUnit>
			<Name>spare</Name>
			<Bits>4</Bits>
			<TypeFormat>0</TypeFormat>
		</DataUnit>
		<DataUnit>
			<Name>A4</Name>
			<Bits>1</Bits>
			<TypeFormat>0</TypeFormat>
		</DataUnit>
		<DataUnit>
			<Name>A2</Name>
			<Bits>1</Bits>
			<TypeFormat>0</TypeFormat>
		</DataUnit>
		<DataUnit>
			<Name>A1</Name>
			<Bits>1</Bits>
			<TypeFormat>0</TypeFormat>
		</DataUnit>
		<DataUnit>
			<Name>B4</Name>
			<Bits>1</Bits>
			<TypeFormat>0</TypeFormat>
		</DataUnit>
		<DataUnit>
			<Name>B2</Name>
			<Bits>1</Bits>
			<TypeFormat>0</TypeFormat>
		</DataUnit>
		<DataUnit>
			<Name>B1</Name>
			<Bits>1</Bits>
			<TypeFormat>0</TypeFormat>
		</DataUnit>
		<DataUnit>
			<Name>C4</Name>
			<Bits>1</Bits>
			<TypeFormat>0</TypeFormat>
		</DataUnit>
		<DataUnit>
			<Name>C2</Name>
			<Bits>1</Bits>
			<TypeFormat>0</TypeFormat>
		</DataUnit>
		<DataUnit>
			<Name>C1</Name>
			<Bits>1</Bits>
			<TypeFormat>0</TypeFormat>
		</DataUnit>
		<DataUnit>
			<Name>D4</Name>
			<Bits>1</Bits>
			<TypeFormat>0</TypeFormat>
		</DataUnit>
		<DataUnit>
			<Name>D2</Name>
			<Bits>1</Bits>
			<TypeFormat>0</TypeFormat>
		</DataUnit>
		<DataUnit>
			<Name>D1</Name>
			<Bits>1</Bits>
			<TypeFormat>0</TypeFormat>
		</DataUnit>
	</DataItem>
	<DataItem>
		<Id>71</Id>
		<Name>Time of Applicability for Position</Name>
		<Type>0</Type>
		<EncodingRule>0</EncodingRule>
		<DataUnit>
			<Name>Time of Applicability of Position</Name>
			<Bits>24</Bits>
			<TypeFormat>0</TypeFormat>
			<LSB>0.0078125</LSB>
		</DataUnit>		
	</DataItem>
	<DataItem>
		<Id>72</Id>
		<Name>Time of Applicability for Velocity</Name>
		<Type>0</Type>
		<EncodingRule>0</EncodingRule>
		<DataUnit>
			<Name>Time of Applicability of Velocity</Name>
			<Bits>24</Bits>
			<TypeFormat>0</TypeFormat>
			<LSB>0.0078125</LSB>
		</DataUnit>		
	</DataItem>
	<DataItem>
		<Id>73</Id>
		<Name>Time of Message Reception for Position</Name>
		<Type>0</Type>
		<EncodingRule>0</EncodingRule>
		<DataUnit>
			<Name>Time of Message Reception of Position</Name>
			<Bits>24</Bits>
			<TypeFormat>0</TypeFormat>
			<LSB>0.0078125</LSB>
		</DataUnit>		
	</DataItem>
	<DataItem>
		<Id>74</Id>
		<Name>Time of Message Reception of PositionHigh Precision</Name>
		<Type>0</Type>
		<EncodingRule>0</EncodingRule>
		<DataUnit>
			<Name>FSI</Name>
			<Bits>2</Bits>
			<TypeFormat>0</TypeFormat>
		</DataUnit>
		<DataUnit>
			<Name>Time of Message Reception of PositionHigh Precision</Name>
			<Bits>30</Bits>
			<TypeFormat>0</TypeFormat>
			<LSB>9.313225746154785e-10</LSB>
		</DataUnit>
	</DataItem>
	<DataItem>
		<Id>75</Id>
		<Name>Time of Message Reception for Velocity</Name>
		<Type>0</Type>
		<EncodingRule>0</EncodingRule>
		<DataUnit>
			<Name>Time of Message Reception of Velocity</Name>
			<Bits>24</Bits>
			<TypeFormat>0</TypeFormat>
			<LSB>0.0078125</LSB>
		</DataUnit>		
	</DataItem>
	<DataItem>
		<Id>76</Id>
		<Name>Time of Message Reception of VelocityHigh Precision</Name>
		<Type>0</Type>
		<EncodingRule>0</EncodingRule>
		<DataUnit>
			<Name>FSI</Name>
			<Bits>2</Bits>
			<TypeFormat>0</TypeFormat>
		</DataUnit>
		<DataUnit>
			<Name>Time of Message Reception of VelocityHigh Precision</Name>
			<Bits>30</Bits>
			<TypeFormat>0</TypeFormat>
			<LSB>9.313225746154785e-10</LSB>
		</DataUnit>		
	</DataItem>
	<DataItem>
		<Id>77</Id>
		<Name>Time of Message Transmission</Name>
		<Type>0</Type>
		<EncodingRule>0</EncodingRule>
		<DataUnit>
			<Name>Time of Message Transmission</Name>
			<Bits>24</Bits>
			<TypeFormat>0</TypeFormat>
			<LSB>0.0078125</LSB>
		</DataUnit>		
	</DataItem>
	<DataItem>
		<Id>80</Id>
		<Name>Target Address</Name>
		<Type>0</Type>
		<EncodingRule>1</EncodingRule>
		<DataUnit>
			<Name>Target Address</Name>
			<Bits>24</Bits>
			<TypeFormat>0</TypeFormat>
		</DataUnit>
	</DataItem>
	<DataItem>
		<Id>90</Id>
		<Name>Quality Indicators</Name>
		<Type>0</Type>
		<EncodingRule>1</EncodingRule>
		<Extent>
			<DataUnit>
				<Name>NUCr or NACv</Name>
				<Bits>3</Bits>
				<TypeFormat>0</TypeFormat>
			</DataUnit>				
			<DataUnit>
				<Name>NUCp or NIC</Name>
				<Bits>4</Bits>
				<TypeFormat>0</TypeFormat>
			</DataUnit>						
		</Extent>
		<Extent>
			<DataUnit>
				<Name>NICBARO</Name>
				<Bits>1</Bits>
				<TypeFormat>0</TypeFormat>
			</DataUnit>				
			<DataUnit>
				<Name>SIL</Name>
				<Bits>2</Bits>
				<TypeFormat>0</TypeFormat>
			</DataUnit>			
			<DataUnit>
				<Name>NACp</Name>
				<Bits>4</Bits>
				<TypeFormat>0</TypeFormat>
			</DataUnit>				
		</Extent>
	</DataItem>
	<DataItem>
		<Id>110</Id>
		<Name>Trajectory Intent</Name>
		<Type>2</Type>
		<EncodingRule>0</EncodingRule>
		<Subfield>
			<DataUnit>
				<Name>NAV</Name>
				<Bits>1</Bits>
				<TypeFormat>0</TypeFormat>
			</DataUnit>
			<DataUnit>
				<Name>NVB</Name>
				<Bits>1</Bits>
				<TypeFormat>0</TypeFormat>
			</DataUnit>
			<DataUnit>
				<Name>spare</Name>
				<Bits>5</Bits>
				<TypeFormat>0</TypeFormat>
			</DataUnit>			
		</Subfield>
		<Subfield>
			<DataUnit>
				<Name>REP</Name>
				<Bits>8</Bits>
				<TypeFormat>0</TypeFormat>
			</DataUnit>
			<DataUnit>
				<Name>TCA</Name>
				<Bits>1</Bits>
				<TypeFormat>0</TypeFormat>
			</DataUnit>
			<DataUnit>
				<Name>NC</Name>
				<Bits>1</Bits>
				<TypeFormat>0</TypeFormat>
			</DataUnit>
			<DataUnit>
				<Name>TCP number</Name>
				<Bits>6</Bits>
				<TypeFormat>0</TypeFormat>
			</DataUnit>
			<DataUnit>
				<Name>Altitude</Name>
				<Bits>16</Bits>
				<TypeFormat>1</TypeFormat>
				<LSB>10</LSB>
			</DataUnit>
			<DataUnit>
				<Name>Latitude in WGS - 84</Name>
				<Bits>24</Bits>
				<TypeFormat>1</TypeFormat>
				<LSB>2.145767211914063e-5</LSB>
			</DataUnit>
			<DataUnit>
				<Name>Longitude in WGS - 84</Name>
				<Bits>24</Bits>
				<TypeFormat>1</TypeFormat>
				<LSB>2.145767211914063e-5</LSB>
			</DataUnit>
			<DataUnit>
				<Name>Point Type</Name>
				<Bits>4</Bits>
				<TypeFormat>0</TypeFormat>
			</DataUnit>
			<DataUnit>
				<Name>TD</Name>
				<Bits>2</Bits>
				<TypeFormat>0</TypeFormat>
			</DataUnit>
			<DataUnit>
				<Name>TRA</Name>
				<Bits>1</Bits>
				<TypeFormat>0</TypeFormat>
			</DataUnit>
			<DataUnit>
				<Name>TOA</Name>
				<Bits>1</Bits>
				<TypeFormat>0</TypeFormat>
			</DataUnit>
			<DataUnit>
				<Name>TOV</Name>
				<Bits>24</Bits>
				<TypeFormat>0</TypeFormat>
				<LSB>1</LSB>
			</DataUnit>
			<DataUnit>
				<Name>TTR</Name>
				<Bits>16</Bits>
				<TypeFormat>0</TypeFormat>
				<LSB>0.01</LSB>
			</DataUnit>
		</Subfield>
	</DataItem>
	<DataItem>
		<Id>130</Id>
		<Name>Position in WGS-84 Co-ordinates</Name>
		<Type>0</Type>
		<EncodingRule>0</EncodingRule>
		<DataUnit>
			<Name>Latitude in WGS - 84</Name>
			<Bits>24</Bits>
			<TypeFormat>1</TypeFormat>
			<LSB>2.145767211914063e-5</LSB>
		</DataUnit>
		<DataUnit>
			<Name>Longitude in WGS - 84</Name>
			<Bits>24</Bits>
			<TypeFormat>1</TypeFormat>
			<LSB>2.145767211914063e-5</LSB>
		</DataUnit>			
	</DataItem>
	<DataItem>
		<Id>131</Id>
		<Name>High-Resolution Position in WGS-84 Co-ordinates</Name>
		<Type>0</Type>
		<EncodingRule>0</EncodingRule>
		<DataUnit>
			<Name>Latitude in WGS - 84</Name>
			<Bits>32</Bits>
			<TypeFormat>1</TypeFormat>
			<LSB>1.676380634307861e-7</LSB>
		</DataUnit>
		<DataUnit>
			<Name>Longitude in WGS - 84</Name>
			<Bits>32</Bits>
			<TypeFormat>1</TypeFormat>
			<LSB>1.676380634307861e-7</LSB>
		</DataUnit>
	</DataItem>			
	<DataItem>
		<Id>132</Id>
		<Name>Message Amplitude</Name>
		<Type>0</Type>
		<EncodingRule>0</EncodingRule>
		<DataUnit>
			<Name>MAM</Name>
			<Bits>8</Bits>
			<TypeFormat>0</TypeFormat>
			<LSB>1</LSB>
		</DataUnit>		
	</DataItem>
	<DataItem>
		<Id>140</Id>
		<Name>Geometric Height</Name>
		<Type>0</Type>
		<EncodingRule>0</EncodingRule>
		<DataUnit>
			<Name>Altitude</Name>
			<Bits>16</Bits>
			<TypeFormat>1</TypeFormat>
			<LSB>6.25</LSB>
		</DataUnit>
	</DataItem>
	<DataItem>
		<Id>145</Id>
		<Name>Flight Level</Name>
		<Type>0</Type>
		<EncodingRule>0</EncodingRule>
		<DataUnit>
			<Name>Flight Level</Name>
			<Bits>16</Bits>
			<TypeFormat>1</TypeFormat>
			<LSB>0.25</LSB>
		</DataUnit>		
	</DataItem>
	<DataItem>
		<Id>146</Id>
		<Name>Intermediate State Selected Altitude</Name>
		<Type>0</Type>
		<EncodingRule>0</EncodingRule>
		<DataUnit>
			<Name>SAS</Name>
			<Bits>1</Bits>
			<TypeFormat>0</TypeFormat>
		</DataUnit>
		<DataUnit>
			<Name>Source</Name>
			<Bits>2</Bits>
			<TypeFormat>0</TypeFormat>
		</DataUnit>
		<DataUnit>
			<Name>Altitude</Name>
			<Bits>13</Bits>
			<TypeFormat>1</TypeFormat>
			<LSB>25</LSB>
		</DataUnit>
	</DataItem>
	<DataItem>
		<Id>148</Id>
		<Name>Final State Selected Altitude</Name>
		<Type>0</Type>
		<EncodingRule>0</EncodingRule>
		<DataUnit>
			<Name>MV</Name>
			<Bits>1</Bits>
			<TypeFormat>0</TypeFormat>
		</DataUnit>
		<DataUnit>
			<Name>AH</Name>
			<Bits>1</Bits>
			<TypeFormat>0</TypeFormat>
		</DataUnit>
		<DataUnit>
			<Name>AM</Name>
			<Bits>13</Bits>
			<TypeFormat>0</TypeFormat>
		</DataUnit>
		<DataUnit>
			<Name>Altitude</Name>
			<Bits>13</Bits>
			<TypeFormat>1</TypeFormat>
			<LSB>25</LSB>
		</DataUnit>
	</DataItem>
	<DataItem>
		<Id>150</Id>
		<Name>Air Speed</Name>
		<Type>0</Type>
		<EncodingRule>0</EncodingRule>
		<DataUnit>
			<Name>IM</Name>
			<Bits>1</Bits>
			<TypeFormat>0</TypeFormat>
		</DataUnit>
		<DataUnit>
			<Name>Air Speed</Name>
			<Bits>15</Bits>
			<TypeFormat>0</TypeFormat>
			<LSB>6.10351562e-5</LSB>
		</DataUnit>
	</DataItem>
	<DataItem>
		<Id>151</Id>
		<Name>True Airspeed</Name>
		<Type>0</Type>
		<EncodingRule>0</EncodingRule>
		<DataUnit>
			<Name>RE</Name>
			<Bits>1</Bits>
			<TypeFormat>0</TypeFormat>
		</DataUnit>
		<DataUnit>
			<Name>True Airspeed</Name>
			<Bits>15</Bits>
			<TypeFormat>0</TypeFormat>
			<LSB>1</LSB>
		</DataUnit>
	</DataItem>
	<DataItem>
		<Id>152</Id>
		<Name>Magnetic Heading</Name>
		<Type>0</Type>
		<EncodingRule>0</EncodingRule>		
		<DataUnit>
			<Name>Magnetic Heading</Name>
			<Bits>16</Bits>
			<TypeFormat>0</TypeFormat>
			<LSB>0.0054931640625</LSB>
		</DataUnit>
	</DataItem>
	<DataItem>
		<Id>155</Id>
		<Name>Barometric Vertical Rate</Name>
		<Type>0</Type>
		<EncodingRule>0</EncodingRule>
		<DataUnit>
			<Name>RE</Name>
			<Bits>1</Bits>
			<TypeFormat>0</TypeFormat>
		</DataUnit>
		<DataUnit>
			<Name>Barometric Vertical Rate</Name>
			<Bits>15</Bits>
			<TypeFormat>1</TypeFormat>
			<LSB>6.25</LSB>
		</DataUnit>
	</DataItem>
	<DataItem>
		<Id>157</Id>
		<Name>Geometric Vertical Rate</Name>
		<Type>0</Type>
		<EncodingRule>0</EncodingRule>
		<DataUnit>
			<Name>RE</Name>
			<Bits>1</Bits>
			<TypeFormat>0</TypeFormat>
		</DataUnit>
		<DataUnit>
			<Name>Geometric Vertical Rate</Name>
			<Bits>15</Bits>
			<TypeFormat>1</TypeFormat>
			<LSB>6.25</LSB>
		</DataUnit>
	</DataItem>
	<DataItem>
		<Id>160</Id>
		<Name>Ground Vector</Name>
		<Type>0</Type>
		<EncodingRule>0</EncodingRule>
		<DataUnit>
			<Name>RE</Name>
			<Bits>1</Bits>
			<TypeFormat>0</TypeFormat>
		</DataUnit>
		<DataUnit>
			<Name>Ground Speed</Name>
			<Bits>15</Bits>
			<TypeFormat>0</TypeFormat>
			<LSB>6.103515625e-5</LSB>
		</DataUnit>
		<DataUnit>
			<Name>Track Angle</Name>
			<Bits>16</Bits>
			<TypeFormat>0</TypeFormat>
			<LSB>0.0054931640625</LSB>
		</DataUnit>
	</DataItem>
	<DataItem>
		<Id>161</Id>
		<Name>Track ID</Name>
		<Type>0</Type>
		<EncodingRule>0</EncodingRule>
		<DataUnit>
			<Name>spare</Name>
			<Bits>4</Bits>
			<TypeFormat>0</TypeFormat>
		</DataUnit>
		<DataUnit>
			<Name>TRACK NUMBER</Name>
			<Bits>12</Bits>
			<TypeFormat>0</TypeFormat>
		</DataUnit>
	</DataItem>
	<DataItem>
		<Id>165</Id>
		<Name>Track Angle Rate</Name>
		<Type>0</Type>
		<EncodingRule>0</EncodingRule>
		<DataUnit>
			<Name>spare</Name>
			<Bits>5</Bits>
			<TypeFormat>0</TypeFormat>
		</DataUnit>
		<DataUnit>
			<Name>TAR</Name>
			<Bits>10</Bits>
			<TypeFormat>1</TypeFormat>
			<LSB>0.03125</LSB>
		</DataUnit>
	</DataItem>
	<DataItem>
		<Id>170</Id>
		<Name>Target Identification</Name>
		<Type>0</Type>
		<EncodingRule>0</EncodingRule>
		<DataUnit>
			<Name>Character 1</Name>
			<Bits>6</Bits>
			<TypeFormat>0</TypeFormat>
		</DataUnit>
		<DataUnit>
			<Name>Character 2</Name>
			<Bits>6</Bits>
			<TypeFormat>0</TypeFormat>
		</DataUnit>
		<DataUnit>
			<Name>Character 3</Name>
			<Bits>6</Bits>
			<TypeFormat>0</TypeFormat>
		</DataUnit>
		<DataUnit>
			<Name>Character 4</Name>
			<Bits>6</Bits>
			<TypeFormat>0</TypeFormat>
		</DataUnit>
		<DataUnit>
			<Name>Character 5</Name>
			<Bits>6</Bits>
			<TypeFormat>0</TypeFormat>
		</DataUnit>
		<DataUnit>
			<Name>Character 6</Name>
			<Bits>6</Bits>
			<TypeFormat>0</TypeFormat>
		</DataUnit>
		<DataUnit>
			<Name>Character 7</Name>
			<Bits>6</Bits>
			<TypeFormat>0</TypeFormat>
		</DataUnit>
		<DataUnit>
			<Name>Character 8</Name>
			<Bits>6</Bits>
			<TypeFormat>0</TypeFormat>
		</DataUnit>
	</DataItem>
	<DataItem>
		<Id>200</Id>
		<Name>Target Status</Name>
		<Type>0</Type>
		<EncodingRule>0</EncodingRule>
		<DataUnit>
			<Name>spare</Name>
			<Bits>3</Bits>
			<TypeFormat>0</TypeFormat>
		</DataUnit>
		<DataUnit>
			<Name>PS</Name>
			<Bits>3</Bits>
			<TypeFormat>0</TypeFormat>
		</DataUnit>
		<DataUnit>
			<Name>SS</Name>
			<Bits>2</Bits>
			<TypeFormat>0</TypeFormat>
		</DataUnit>
	</DataItem>
	<DataItem>
		<Id>210</Id>
		<Name>MOPS Version</Name>
		<Type>0</Type>
		<EncodingRule>0</EncodingRule>
		<DataUnit>
			<Name>spare</Name>
			<Bits>1</Bits>
			<TypeFormat>0</TypeFormat>
		</DataUnit>
		<DataUnit>
			<Name>VNS</Name>
			<Bits>1</Bits>
			<TypeFormat>0</TypeFormat>
		</DataUnit>
		<DataUnit>
			<Name>VN</Name>
			<Bits>3</Bits>
			<TypeFormat>0</TypeFormat>
		</DataUnit>
		<DataUnit>
			<Name>LTT</Name>
			<Bits>3</Bits>
			<TypeFormat>0</TypeFormat>
		</DataUnit>
	</DataItem>
	<DataItem>
		<Id>220</Id>
		<Name>Met Information</Name>
		<Type>2</Type>
		<EncodingRule>0</EncodingRule>
		<Subfield>
			<DataUnit>
				<Name>Wind Speed</Name>
				<Bits>16</Bits>
				<TypeFormat>0</TypeFormat>
				<LSB>1</LSB>
			</DataUnit>			
		</Subfield>
		<Subfield>
			<DataUnit>
				<Name>Wind Direction</Name>
				<Bits>16</Bits>
				<TypeFormat>0</TypeFormat>
				<LSB>1</LSB>
			</DataUnit>			
		</Subfield>
		<Subfield>
			<DataUnit>
				<Name>Temperature</Name>
				<Bits>16</Bits>
				<TypeFormat>1</TypeFormat>
				<LSB>0.25</LSB>
			</DataUnit>			
		</Subfield>
		<Subfield>
			<DataUnit>
				<Name>Turbulence</Name>
				<Bits>8</Bits>
				<TypeFormat>0</TypeFormat>
			</DataUnit>			
		</Subfield>
	</DataItem>
	<DataItem>
		<Id>230</Id>
		<Name>Roll Angle</Name>
		<Type>0</Type>
		<EncodingRule>0</EncodingRule>
		<DataUnit>
			<Name>Roll Angle</Name>
			<Bits>16</Bits>
			<TypeFormat>1</TypeFormat>
			<LSB>0.01</LSB>
		</DataUnit>		
	</DataItem>
	<DataItem>
		<Id>250</Id>
		<Name>TODO:Mode S MB Data</Name>
		<Type>0</Type>
		<EncodingRule>0</EncodingRule>
		<DataUnit>
			<Name>Roll Angle</Name>
			<Bits>16</Bits>
			<TypeFormat>1</TypeFormat>
			<LSB>0.01</LSB>
		</DataUnit>		
	</DataItem>
	<DataItem>
		<Id>260</Id>
		<Name>ACAS Resolution Advisory Report</Name>
		<Type>0</Type>
		<EncodingRule>1</EncodingRule>
		<DataUnit>
			<Name>ARA</Name>
			<Bits>56</Bits>
			<TypeFormat>0</TypeFormat>
		</DataUnit>		
	</DataItem>
	<DataItem>
		<Id>271</Id>
		<Name>Surface Capabilities and Characteristics</Name>
		<Type>1</Type>
		<EncodingRule>0</EncodingRule>
		<Extent>
			<DataUnit>
				<Name>spare</Name>
				<Bits>2</Bits>
				<TypeFormat>0</TypeFormat>
			</DataUnit>				
			<DataUnit>
				<Name>POA</Name>
				<Bits>1</Bits>
				<TypeFormat>0</TypeFormat>
			</DataUnit>			
			<DataUnit>
				<Name>CDTI/S</Name>
				<Bits>1</Bits>
				<TypeFormat>0</TypeFormat>
			</DataUnit>			
			<DataUnit>
				<Name>B2 low</Name>
				<Bits>1</Bits>
				<TypeFormat>0</TypeFormat>
			</DataUnit>
			<DataUnit>
				<Name>RAS</Name>
				<Bits>1</Bits>
				<TypeFormat>0</TypeFormat>
			</DataUnit>
			<DataUnit>
				<Name>IDENT</Name>
				<Bits>1</Bits>
				<TypeFormat>0</TypeFormat>
			</DataUnit>			
		</Extent>		
		<Extent>
			<DataUnit>
				<Name>spare</Name>
				<Bits>4</Bits>
				<TypeFormat>0</TypeFormat>
			</DataUnit>
			<DataUnit>
				<Name>L + W</Name>
				<Bits>4</Bits>
				<TypeFormat>0</TypeFormat>
			</DataUnit>			
		</Extent>		
	</DataItem>
	<DataItem>
		<Id>295</Id>
		<Name>Data Ages</Name>
		<Type>2</Type>
		<EncodingRule>0</EncodingRule>		
		<Subfield>
			<DataUnit>
				<Name>AOS</Name>
				<Bits>8</Bits>
				<TypeFormat>0</TypeFormat>
				<LSB>0.1</LSB>
			</DataUnit>			
		</Subfield>
		<Subfield>
			<DataUnit>
				<Name>MD1</Name>
				<Bits>8</Bits>
				<TypeFormat>0</TypeFormat>
				<LSB>0.1</LSB>
			</DataUnit>			
		</Subfield>
		<Subfield>
			<DataUnit>
				<Name>M3A</Name>
				<Bits>8</Bits>
				<TypeFormat>0</TypeFormat>
				<LSB>0.1</LSB>
			</DataUnit>			
		</Subfield>
		<Subfield>
			<DataUnit>
				<Name>QI</Name>
				<Bits>8</Bits>
				<TypeFormat>0</TypeFormat>
				<LSB>0.1</LSB>
			</DataUnit>			
		</Subfield>
		<Subfield>
			<DataUnit>
				<Name>TI</Name>
				<Bits>8</Bits>
				<TypeFormat>0</TypeFormat>
				<LSB>0.1</LSB>
			</DataUnit>			
		</Subfield>
		<Subfield>
			<DataUnit>
				<Name>MAM</Name>
				<Bits>8</Bits>
				<TypeFormat>0</TypeFormat>
				<LSB>0.1</LSB>
			</DataUnit>			
		</Subfield>
		<Subfield>
			<DataUnit>
				<Name>GH</Name>
				<Bits>8</Bits>
				<TypeFormat>0</TypeFormat>
				<LSB>0.1</LSB>
			</DataUnit>			
		</Subfield>
		<Subfield>
			<DataUnit>
				<Name>FL</Name>
				<Bits>8</Bits>
				<TypeFormat>0</TypeFormat>
				<LSB>0.1</LSB>
			</DataUnit>			
		</Subfield>
		<Subfield>
			<DataUnit>
				<Name>ISA</Name>
				<Bits>8</Bits>
				<TypeFormat>0</TypeFormat>
				<LSB>0.1</LSB>
			</DataUnit>			
		</Subfield>
		<Subfield>
			<DataUnit>
				<Name>SAL</Name>
				<Bits>8</Bits>
				<TypeFormat>0</TypeFormat>
				<LSB>0.1</LSB>
			</DataUnit>			
		</Subfield>
		<Subfield>
			<DataUnit>
				<Name>AS</Name>
				<Bits>8</Bits>
				<TypeFormat>0</TypeFormat>
				<LSB>0.1</LSB>
			</DataUnit>			
		</Subfield>
		<Subfield>
			<DataUnit>
				<Name>TAS</Name>
				<Bits>8</Bits>
				<TypeFormat>0</TypeFormat>
				<LSB>0.1</LSB>
			</DataUnit>			
		</Subfield>
		<Subfield>
			<DataUnit>
				<Name>MH</Name>
				<Bits>8</Bits>
				<TypeFormat>0</TypeFormat>
				<LSB>0.1</LSB>
			</DataUnit>			
		</Subfield>
		<Subfield>
			<DataUnit>
				<Name>BVR</Name>
				<Bits>8</Bits>
				<TypeFormat>0</TypeFormat>
				<LSB>0.1</LSB>
			</DataUnit>			
		</Subfield>
		<Subfield>
			<DataUnit>
				<Name>GVR</Name>
				<Bits>8</Bits>
				<TypeFormat>0</TypeFormat>
				<LSB>0.1</LSB>
			</DataUnit>			
		</Subfield>
		<Subfield>
			<DataUnit>
				<Name>GV</Name>
				<Bits>8</Bits>
				<TypeFormat>0</TypeFormat>
				<LSB>0.1</LSB>
			</DataUnit>			
		</Subfield>
		<Subfield>
			<DataUnit>
				<Name>TAR</Name>
				<Bits>8</Bits>
				<TypeFormat>0</TypeFormat>
				<LSB>0.1</LSB>
			</DataUnit>			
		</Subfield>
		<Subfield>
			<DataUnit>
				<Name>TI</Name>
				<Bits>8</Bits>
				<TypeFormat>0</TypeFormat>
				<LSB>0.1</LSB>
			</DataUnit>			
		</Subfield>
		<Subfield>
			<DataUnit>
				<Name>TS</Name>
				<Bits>8</Bits>
				<TypeFormat>0</TypeFormat>
				<LSB>0.1</LSB>
			</DataUnit>			
		</Subfield>
		<Subfield>
			<DataUnit>
				<Name>MET</Name>
				<Bits>8</Bits>
				<TypeFormat>0</TypeFormat>
				<LSB>0.1</LSB>
			</DataUnit>			
		</Subfield>
		<Subfield>
			<DataUnit>
				<Name>ROA</Name>
				<Bits>8</Bits>
				<TypeFormat>0</TypeFormat>
				<LSB>0.1</LSB>
			</DataUnit>			
		</Subfield>
		<Subfield>
			<DataUnit>
				<Name>ARA</Name>
				<Bits>8</Bits>
				<TypeFormat>0</TypeFormat>
				<LSB>0.1</LSB>
			</DataUnit>			
		</Subfield>
		<Subfield>
			<DataUnit>
				<Name>SCC</Name>
				<Bits>8</Bits>
				<TypeFormat>0</TypeFormat>
				<LSB>0.1</LSB>
			</DataUnit>			
		</Subfield>
	</DataItem>
	<DataItem>
		<Id>400</Id>
		<Name>Receiver ID</Name>
		<Type>0</Type>
		<EncodingRule>0</EncodingRule>
		<DataUnit>
			<Name>RID</Name>
			<Bits>8</Bits>
			<TypeFormat>0</TypeFormat>
		</DataUnit>
	</DataItem>	
</AsterixCategory>