<?xml version="1.0" encoding="UTF-8"?>
<AsterixCategory cat="34">
	<DataItem>
		<Id>0</Id>
		<Name>Message Type</Name>
		<Type>0</Type>
		<EncodingRule>1</EncodingRule>
		<DataUnit>
			<Name>Message Type</Name>
			<Bits>8</Bits>
			<TypeFormat>0</TypeFormat>
		</DataUnit>
	</DataItem>
	<DataItem>
		<Id>10</Id>
		<Name>Data Source Identifier</Name>
		<Type>0</Type>
		<EncodingRule>1</EncodingRule>
		<DataUnit>
			<Name>SAC</Name>
			<Bits>8</Bits>
			<TypeFormat>0</TypeFormat>
		</DataUnit>
		<DataUnit>
			<Name>SIC</Name>
			<Bits>8</Bits>
			<TypeFormat>0</TypeFormat>
		</DataUnit>
	</DataItem>
		<DataItem>
		<Id>20</Id>
		<Name>Sector Number</Name>
		<Type>0</Type>
		<DataUnit>
			<Name>Sector Number</Name>
			<Bits>8</Bits>
			<TypeFormat>0</TypeFormat>
		</DataUnit>
	</DataItem>
	<DataItem>
		<Id>30</Id>
		<Name>Time Of Day</Name>
		<Type>0</Type>
		<DataUnit>
			<Name>Time Of Day</Name>
			<Bits>24</Bits>
			<TypeFormat>0</TypeFormat>
			<LSB>7.8125e-3</LSB>
		</DataUnit>
	</DataItem>	
	<DataItem>
		<Id>41</Id>
		<Name>Antenna Rotation Speed</Name>
		<Type>0</Type>
		<DataUnit>
			<Name>Antenna Rotation Speed</Name>
			<Bits>16</Bits>
			<TypeFormat>0</TypeFormat>
			<LSB>7.8125e-3</LSB>
		</DataUnit>
	</DataItem>	
	<DataItem>
		<Id>50</Id>
		<Name>System Configuration and Status</Name>
		<Type>2</Type>
		<Subfield>
			<DataUnit>
				<Name>NOGO</Name>
				<Bits>1</Bits>
				<TypeFormat>0</TypeFormat>
			</DataUnit>
			<DataUnit>
				<Name>RDPC</Name>
				<Bits>1</Bits>
				<TypeFormat>0</TypeFormat>
			</DataUnit>
			<DataUnit>
				<Name>RDPR</Name>
				<Bits>1</Bits>
				<TypeFormat>0</TypeFormat>
			</DataUnit>
			<DataUnit>
				<Name>OVL RDP</Name>
				<Bits>1</Bits>
				<TypeFormat>0</TypeFormat>
			</DataUnit>
			<DataUnit>
				<Name>OVL XMT</Name>
				<Bits>1</Bits>
				<TypeFormat>0</TypeFormat>
			</DataUnit>
			<DataUnit>
				<Name>MSC</Name>
				<Bits>1</Bits>
				<TypeFormat>0</TypeFormat>
			</DataUnit>
			<DataUnit>
				<Name>TSV</Name>
				<Bits>1</Bits>
				<TypeFormat>0</TypeFormat>
			</DataUnit>
			<DataUnit>
				<Name>Spare1</Name>
				<Bits>1</Bits>
				<TypeFormat>0</TypeFormat>
			</DataUnit>
		</Subfield>
		<Subfield>
			<DataUnit>
				<Name>Spare2</Name>
				<Bits>8</Bits>
				<TypeFormat>0</TypeFormat>
			</DataUnit>
		</Subfield>
		<Subfield>
			<DataUnit>
				<Name>Spare3</Name>
				<Bits>8</Bits>
				<TypeFormat>0</TypeFormat>
			</DataUnit>
		</Subfield>
		<Subfield>
			<DataUnit>
				<Name>PSR_ANT</Name>
				<Bits>1</Bits>
				<TypeFormat>0</TypeFormat>
			</DataUnit>
			<DataUnit>
				<Name>PSR_CH-A/B</Name>
				<Bits>2</Bits>
				<TypeFormat>0</TypeFormat>
			</DataUnit>
			<DataUnit>
				<Name>PSR_OVL</Name>
				<Bits>1</Bits>
				<TypeFormat>0</TypeFormat>
			</DataUnit>
			<DataUnit>
				<Name>PSR_MSC</Name>
				<Bits>1</Bits>
				<TypeFormat>0</TypeFormat>
			</DataUnit>
			<DataUnit>
				<Name>Spare4</Name>
				<Bits>3</Bits>
				<TypeFormat>0</TypeFormat>
			</DataUnit>
		</Subfield>
		<Subfield>
			<DataUnit>
				<Name>SSR_ANT</Name>
				<Bits>1</Bits>
				<TypeFormat>0</TypeFormat>
			</DataUnit>
			<DataUnit>
				<Name>SSR_CH-A/B</Name>
				<Bits>2</Bits>
				<TypeFormat>0</TypeFormat>
			</DataUnit>
			<DataUnit>
				<Name>SSR_OVL</Name>
				<Bits>1</Bits>
				<TypeFormat>0</TypeFormat>
			</DataUnit>
			<DataUnit>
				<Name>SSR_MSC</Name>
				<Bits>1</Bits>
				<TypeFormat>0</TypeFormat>
			</DataUnit>
			<DataUnit>
				<Name>Spare5</Name>
				<Bits>3</Bits>
				<TypeFormat>0</TypeFormat>
			</DataUnit>
		</Subfield>
		<Subfield>
			<DataUnit>
				<Name>ModeS_ANT</Name>
				<Bits>1</Bits>
				<TypeFormat>0</TypeFormat>
			</DataUnit>
			<DataUnit>
				<Name>ModeS_CH-A/B</Name>
				<Bits>2</Bits>
				<TypeFormat>0</TypeFormat>
			</DataUnit>
			<DataUnit>
				<Name>OVL SUR</Name>
				<Bits>1</Bits>
				<TypeFormat>0</TypeFormat>
			</DataUnit>
			<DataUnit>
				<Name>Mode S_MSC</Name>
				<Bits>1</Bits>
				<TypeFormat>0</TypeFormat>
			</DataUnit>
			<DataUnit>
				<Name>SCF</Name>
				<Bits>1</Bits>
				<TypeFormat>0</TypeFormat>
			</DataUnit>
			<DataUnit>
				<Name>DLF</Name>
				<Bits>1</Bits>
				<TypeFormat>0</TypeFormat>
			</DataUnit>
			<DataUnit>
				<Name>OVL SCF</Name>
				<Bits>1</Bits>
				<TypeFormat>0</TypeFormat>
			</DataUnit>
			<DataUnit>
				<Name>OVL DLF</Name>
				<Bits>1</Bits>
				<TypeFormat>0</TypeFormat>
			</DataUnit>
			<DataUnit>
				<Name>Spare6</Name>
				<Bits>7</Bits>
				<TypeFormat>0</TypeFormat>
			</DataUnit>
		</Subfield>
		<Subfield>
			<DataUnit>
				<Name>Spare7</Name>
				<Bits>8</Bits>
				<TypeFormat>0</TypeFormat>
			</DataUnit>
		</Subfield>
	</DataItem>	
	<DataItem>
		<Id>60</Id>
		<Name>System Processing Mode</Name>
		<Type>2</Type>
		<Subfield>
			<DataUnit>
				<Name>Spare1</Name>
				<Bits>1</Bits>
				<TypeFormat>0</TypeFormat>
			</DataUnit>
			<DataUnit>
				<Name>RED-RDP</Name>
				<Bits>3</Bits>
				<TypeFormat>0</TypeFormat>
			</DataUnit>
			<DataUnit>
				<Name>RED-XMT</Name>
				<Bits>3</Bits>
				<TypeFormat>0</TypeFormat>
			</DataUnit>
			<DataUnit>
				<Name>Spare2</Name>
				<Bits>1</Bits>
				<TypeFormat>0</TypeFormat>
			</DataUnit>
		</Subfield>
		<Subfield>
			<DataUnit>
				<Name>Spare3</Name>
				<Bits>8</Bits>
				<TypeFormat>0</TypeFormat>
			</DataUnit>
		</Subfield>
		<Subfield>
			<DataUnit>
				<Name>Spare4</Name>
				<Bits>8</Bits>
				<TypeFormat>0</TypeFormat>
			</DataUnit>
		</Subfield>
		<Subfield>
			<DataUnit>
				<Name>POL</Name>
				<Bits>1</Bits>
				<TypeFormat>0</TypeFormat>
			</DataUnit>
			<DataUnit>
				<Name>PSR_RED-RAD</Name>
				<Bits>3</Bits>
				<TypeFormat>0</TypeFormat>
			</DataUnit>
			<DataUnit>
				<Name>STC</Name>
				<Bits>2</Bits>
				<TypeFormat>0</TypeFormat>
			</DataUnit>
			<DataUnit>
				<Name>Spare5</Name>
				<Bits>2</Bits>
				<TypeFormat>0</TypeFormat>
			</DataUnit>
		</Subfield>
		<Subfield>
			<DataUnit>
				<Name>SSR_RED-RAD</Name>
				<Bits>3</Bits>
				<TypeFormat>0</TypeFormat>
			</DataUnit>
			<DataUnit>
				<Name>Spare6</Name>
				<Bits>5</Bits>
				<TypeFormat>0</TypeFormat>
			</DataUnit>
		</Subfield>
		<Subfield>
			<DataUnit>
				<Name>ModeS_RED-RAD</Name>
				<Bits>3</Bits>
				<TypeFormat>0</TypeFormat>
			</DataUnit>
			<DataUnit>
				<Name>CLU</Name>
				<Bits>1</Bits>
				<TypeFormat>0</TypeFormat>
			</DataUnit>
			<DataUnit>
				<Name>Spare7</Name>
				<Bits>4</Bits>
				<TypeFormat>0</TypeFormat>
			</DataUnit>
		</Subfield>
		<Subfield>
			<DataUnit>
				<Name>Spare8</Name>
				<Bits>8</Bits>
				<TypeFormat>0</TypeFormat>
			</DataUnit>
		</Subfield>
	</DataItem>	
	<DataItem>
		<Id>70</Id>
		<Name>Message Count Values</Name>
		<Type>3</Type>
		<DataUnit>
			<Name>TYP</Name>
			<Bits>5</Bits>
			<TypeFormat>0</TypeFormat>
		</DataUnit>
		<DataUnit>
			<Name>COUNTER</Name>
			<Bits>11</Bits>
			<TypeFormat>1</TypeFormat>
		</DataUnit>
	</DataItem>
	<DataItem>
		<Id>90</Id>
		<Name>Collimation Error</Name>
		<Type>0</Type>
		<DataUnit>
			<Name>Range Error</Name>
			<Bits>8</Bits>
			<TypeFormat>0</TypeFormat>
			<LSB>7.8125e-3</LSB>
		</DataUnit>
		<DataUnit>
			<Name>Azimuth Error</Name>
			<Bits>8</Bits>
			<TypeFormat>0</TypeFormat>
			<LSB>2.19726562e-2</LSB>
		</DataUnit>
	</DataItem>	
	<DataItem>
		<Id>100</Id>
		<Name>Generic Polar Window</Name>
		<Type>0</Type>
		<DataUnit>
			<Name>Rho-Start</Name>
			<Bits>16</Bits>
			<TypeFormat>0</TypeFormat>
			<LSB>3.90625e-3</LSB>
		</DataUnit>
		<DataUnit>
			<Name>Rho-End</Name>
			<Bits>16</Bits>
			<TypeFormat>0</TypeFormat>
			<LSB>3.90625e-3</LSB>
		</DataUnit>
		<DataUnit>
			<Name>Theta-Start</Name>
			<Bits>16</Bits>
			<TypeFormat>0</TypeFormat>
			<LSB>5.49316406e-3</LSB>
		</DataUnit>
		<DataUnit>
			<Name>Theta-End</Name>
			<Bits>16</Bits>
			<TypeFormat>0</TypeFormat>
			<LSB>5.4931640625e-3</LSB>
		</DataUnit>
	</DataItem>	
	<DataItem>
		<Id>110</Id>
		<Name>Data Filter</Name>
		<Type>0</Type>
		<DataUnit>
			<Name>TYP</Name>
			<Bits>8</Bits>
			<TypeFormat>0</TypeFormat>
		</DataUnit>
	</DataItem>	
	<DataItem>
		<Id>120</Id>
		<Name>3D-Position of Data Source</Name>
		<Type>0</Type>
		<DataUnit>
			<Name>Height in WGS-84</Name>
			<Bits>16</Bits>
			<TypeFormat>1</TypeFormat>
			<LSB>1</LSB>
		</DataUnit>
		<DataUnit>
			<Name>Latitude in WGS-84</Name>
			<Bits>24</Bits>
			<TypeFormat>1</TypeFormat>
			<LSB>2.145767e-5</LSB>
		</DataUnit>
		<DataUnit>
			<Name>Longitude in WGS-84</Name>
			<Bits>24</Bits>
			<TypeFormat>1</TypeFormat>
			<LSB>2.145767e-5</LSB>
		</DataUnit>
	</DataItem>
	<DataItem>
		<Id>250</Id>
		<Name>SpecialPurpose</Name>
		<Type>0</Type>
		<DataUnit>
			<Name>LEN</Name>
			<Bits>8</Bits>
			<TypeFormat>0</TypeFormat>
		</DataUnit>
		<DataUnit>
			<Name>TIPO</Name>
			<Bits>8</Bits>
			<TypeFormat>0</TypeFormat>
		</DataUnit>
		<DataUnit>
			<Name>MEDIDA</Name>
			<Bits>32</Bits>
			<TypeFormat>0</TypeFormat>
		</DataUnit>
	</DataItem>
</AsterixCategory>