<?xml version="1.0" encoding="UTF-8"?>
<AsterixCategory cat="48">
	<DataItem>
		<Id>10</Id>
		<Name>Data Source Identifier</Name>
		<Type>0</Type>
		<EncodingRule>1</EncodingRule>
		<DataUnit>
			<Name>SAC</Name>
			<Bits>8</Bits>
			<TypeFormat>0</TypeFormat>
		</DataUnit>
		<DataUnit>
			<Name>SIC</Name>
			<Bits>8</Bits>
			<TypeFormat>0</TypeFormat>
		</DataUnit>
	</DataItem>
	<DataItem>
		<Id>20</Id>
		<Name>Target Report Descriptor</Name>
		<Type>1</Type>
		<EncodingRule>1</EncodingRule>
		<Extent>
			<DataUnit>
				<Name>TYP</Name>
				<Bits>3</Bits>
				<TypeFormat>0</TypeFormat>
			</DataUnit>				
			<DataUnit>
				<Name>SIM</Name>
				<Bits>1</Bits>
				<TypeFormat>0</TypeFormat>
			</DataUnit>			
			<DataUnit>
				<Name>RDP</Name>
				<Bits>1</Bits>
				<TypeFormat>0</TypeFormat>
			</DataUnit>			
			<DataUnit>
				<Name>SPI</Name>
				<Bits>1</Bits>
				<TypeFormat>0</TypeFormat>
			</DataUnit>
			<DataUnit>
				<Name>RAB</Name>
				<Bits>1</Bits>
				<TypeFormat>0</TypeFormat>
			</DataUnit>
		</Extent>
		<Extent>
			<DataUnit>
				<Name>TST</Name>
				<Bits>1</Bits>
				<TypeFormat>0</TypeFormat>
			</DataUnit>				
			<DataUnit>
				<Name>spare</Name>
				<Bits>2</Bits>
				<TypeFormat>0</TypeFormat>
			</DataUnit>			
			<DataUnit>
				<Name>ME</Name>
				<Bits>1</Bits>
				<TypeFormat>0</TypeFormat>
			</DataUnit>			
			<DataUnit>
				<Name>MI</Name>
				<Bits>1</Bits>
				<TypeFormat>0</TypeFormat>
			</DataUnit>
			<DataUnit>
				<Name>FOE/FRI</Name>
				<Bits>2</Bits>
				<TypeFormat>0</TypeFormat>
			</DataUnit>
		</Extent>
	</DataItem>
	<DataItem>
		<Id>30</Id>
		<Name>Warning/Error Conditions</Name>
		<Type>1</Type>
		<EncodingRule>0</EncodingRule>
		<Extent>
			<DataUnit>
				<Name>W/E Value 1</Name>
				<Bits>7</Bits>
				<TypeFormat>0</TypeFormat>
			</DataUnit>	
		</Extent>
		<Extent>
			<DataUnit>
				<Name>W/E Value 2</Name>
				<Bits>7</Bits>
				<TypeFormat>0</TypeFormat>
			</DataUnit>	
		</Extent>
		<Extent>
			<DataUnit>
				<Name>W/E Value 3</Name>
				<Bits>7</Bits>
				<TypeFormat>0</TypeFormat>
			</DataUnit>	
		</Extent>
		<Extent>
			<DataUnit>
				<Name>W/E Value 4</Name>
				<Bits>7</Bits>
				<TypeFormat>0</TypeFormat>
			</DataUnit>	
		</Extent>
		<Extent>
			<DataUnit>
				<Name>W/E Value 5</Name>
				<Bits>7</Bits>
				<TypeFormat>0</TypeFormat>
			</DataUnit>	
		</Extent>
		<Extent>
			<DataUnit>
				<Name>W/E Value 6</Name>
				<Bits>7</Bits>
				<TypeFormat>0</TypeFormat>
			</DataUnit>	
		</Extent>
		<Extent>
			<DataUnit>
				<Name>W/E Value 7</Name>
				<Bits>7</Bits>
				<TypeFormat>0</TypeFormat>
			</DataUnit>	
		</Extent>
		<Extent>
			<DataUnit>
				<Name>W/E Value 8</Name>
				<Bits>7</Bits>
				<TypeFormat>0</TypeFormat>
			</DataUnit>	
		</Extent>
		<Extent>
			<DataUnit>
				<Name>W/E Value 9</Name>
				<Bits>7</Bits>
				<TypeFormat>0</TypeFormat>
			</DataUnit>	
		</Extent>
		<Extent>
			<DataUnit>
				<Name>W/E Value 10</Name>
				<Bits>7</Bits>
				<TypeFormat>0</TypeFormat>
			</DataUnit>	
		</Extent>
		<Extent>
			<DataUnit>
				<Name>W/E Value 11</Name>
				<Bits>7</Bits>
				<TypeFormat>0</TypeFormat>
			</DataUnit>	
		</Extent>
		<Extent>
			<DataUnit>
				<Name>W/E Value 12</Name>
				<Bits>7</Bits>
				<TypeFormat>0</TypeFormat>
			</DataUnit>	
		</Extent>
		<Extent>
			<DataUnit>
				<Name>W/E Value 13</Name>
				<Bits>7</Bits>
				<TypeFormat>0</TypeFormat>
			</DataUnit>	
		</Extent>
		<Extent>
			<DataUnit>
				<Name>W/E Value 14</Name>
				<Bits>7</Bits>
				<TypeFormat>0</TypeFormat>
			</DataUnit>	
		</Extent>
		<Extent>
			<DataUnit>
				<Name>W/E Value 15</Name>
				<Bits>7</Bits>
				<TypeFormat>0</TypeFormat>
			</DataUnit>	
		</Extent>
		<Extent>
			<DataUnit>
				<Name>W/E Value 16</Name>
				<Bits>7</Bits>
				<TypeFormat>0</TypeFormat>
			</DataUnit>	
		</Extent>
		<Extent>
			<DataUnit>
				<Name>W/E Value 17</Name>
				<Bits>7</Bits>
				<TypeFormat>0</TypeFormat>
			</DataUnit>	
		</Extent>
		<Extent>
			<DataUnit>
				<Name>W/E Value 18</Name>
				<Bits>7</Bits>
				<TypeFormat>0</TypeFormat>
			</DataUnit>	
		</Extent>
	</DataItem>
	<DataItem>
		<Id>40</Id>
		<Name>Measured Position in Polar Co-ordinates</Name>
		<Type>0</Type>
		<DataUnit>
			<Name>RHO</Name>
			<Bits>16</Bits>
			<TypeFormat>0</TypeFormat>
			<LSB>0.003906250</LSB>
		</DataUnit>
		<DataUnit>
			<Name>Theta</Name>
			<Bits>16</Bits>
			<TypeFormat>0</TypeFormat>
			<LSB>0.0054932</LSB>
		</DataUnit>
	</DataItem>
	<DataItem>
		<Id>42</Id>
		<Name>Calculated Position in Cartesian Co-ordinates</Name>
		<Type>0</Type>
		<EncodingRule>0</EncodingRule>		
		<DataUnit>
			<Name>X-Component</Name>
			<Bits>16</Bits>
			<TypeFormat>0</TypeFormat>
			<LSB>0.0078125</LSB>
		</DataUnit>				
		<DataUnit>
			<Name>Y-Component</Name>
			<Bits>16</Bits>
			<TypeFormat>0</TypeFormat>
			<LSB>0.0078125</LSB>
		</DataUnit>				
	</DataItem>
	<DataItem>
		<Id>50</Id>
		<Name>Mode-2 Code in Octal Representation</Name>
		<Type>0</Type>
		<EncodingRule>0</EncodingRule>
		<DataUnit>
			<Name>V</Name>
			<Bits>1</Bits>
			<TypeFormat>0</TypeFormat>
		</DataUnit>
		<DataUnit>
			<Name>G</Name>
			<Bits>1</Bits>
			<TypeFormat>0</TypeFormat>
		</DataUnit>
		<DataUnit>
			<Name>L</Name>
			<Bits>1</Bits>
			<TypeFormat>0</TypeFormat>
		</DataUnit>
		<DataUnit>
			<Name>spare</Name>
			<Bits>1</Bits>
			<TypeFormat>0</TypeFormat>
		</DataUnit>
		<DataUnit>
			<Name>Mode-2 Code</Name>
			<Bits>12</Bits>
			<TypeFormat>0</TypeFormat>
		</DataUnit>
	</DataItem>
	<DataItem>
		<Id>55</Id>
		<Name>Mode-1 Code in Octal Representation</Name>
		<Type>0</Type>
		<EncodingRule>0</EncodingRule>
		<DataUnit>
			<Name>V</Name>
			<Bits>1</Bits>
			<TypeFormat>0</TypeFormat>
		</DataUnit>
		<DataUnit>
			<Name>G</Name>
			<Bits>1</Bits>
			<TypeFormat>0</TypeFormat>
		</DataUnit>
		<DataUnit>
			<Name>L</Name>
			<Bits>1</Bits>
			<TypeFormat>0</TypeFormat>
		</DataUnit>
		<DataUnit>
			<Name>Mode-1 Code</Name>
			<Bits>5</Bits>
			<TypeFormat>0</TypeFormat>
		</DataUnit>
	</DataItem>
	<DataItem>
		<Id>60</Id>
		<Name>Mode-2 Code Confidence Indicator</Name>
		<Type>0</Type>
		<EncodingRule>0</EncodingRule>
		<DataUnit>
			<Name>spare</Name>
			<Bits>4</Bits>
			<TypeFormat>0</TypeFormat>
		</DataUnit>
		<DataUnit>
			<Name>QXi</Name>
			<Bits>12</Bits>
			<TypeFormat>0</TypeFormat>
		</DataUnit>
	</DataItem>
	<DataItem>
		<Id>65</Id>
		<Name>Mode-1 Code Confidence Indicator</Name>
		<Type>0</Type>
		<EncodingRule>0</EncodingRule>
		<DataUnit>
			<Name>spare</Name>
			<Bits>3</Bits>
			<TypeFormat>0</TypeFormat>
		</DataUnit>
		<DataUnit>
			<Name>QXi</Name>
			<Bits>5</Bits>
			<TypeFormat>0</TypeFormat>
		</DataUnit>
	</DataItem>
	<DataItem>
		<Id>70</Id>
		<Name>Mode-3/A Code in Octal Representation</Name>
		<Type>0</Type>
		<EncodingRule>0</EncodingRule>
		<DataUnit>
			<Name>V</Name>
			<Bits>1</Bits>
			<TypeFormat>0</TypeFormat>
		</DataUnit>
		<DataUnit>
			<Name>G</Name>
			<Bits>1</Bits>
			<TypeFormat>0</TypeFormat>
		</DataUnit>
		<DataUnit>
			<Name>L</Name>
			<Bits>1</Bits>
			<TypeFormat>0</TypeFormat>
		</DataUnit>
		<DataUnit>
			<Name>Spare</Name>
			<Bits>1</Bits>
			<TypeFormat>0</TypeFormat>
		</DataUnit>
		<DataUnit>
			<Name>Mode-3/A Code</Name>
			<Bits>12</Bits>
			<TypeFormat>0</TypeFormat>
		</DataUnit>
	</DataItem>
	<DataItem>
		<Id>80</Id>
		<Name>Mode-3/A Code Confidence Indicator</Name>
		<Type>0</Type>
		<EncodingRule>0</EncodingRule>
		<DataUnit>
			<Name>spare</Name>
			<Bits>4</Bits>
			<TypeFormat>0</TypeFormat>
		</DataUnit>
		<DataUnit>
			<Name>QXi</Name>
			<Bits>12</Bits>
			<TypeFormat>0</TypeFormat>
		</DataUnit>
	</DataItem>
	<DataItem>
		<Id>90</Id>
		<Name>Flight Level in Binary Representation</Name>
		<Type>0</Type>
		<DataUnit>
			<Name>V</Name>
			<Bits>1</Bits>
			<TypeFormat>0</TypeFormat>
		</DataUnit>
		<DataUnit>
			<Name>G</Name>
			<Bits>1</Bits>
			<TypeFormat>0</TypeFormat>
		</DataUnit>
		<DataUnit>
			<Name>Flight Level</Name>
			<Bits>14</Bits>
			<TypeFormat>0</TypeFormat>
			<LSB>0.25</LSB>
		</DataUnit>
	</DataItem>
	<DataItem>
		<Id>100</Id>
		<Name>Mode-C Code and Code Confidence Indicator</Name>
		<Type>0</Type>
		<EncodingRule>0</EncodingRule>
		<DataUnit>
			<Name>V</Name>
			<Bits>1</Bits>
			<TypeFormat>0</TypeFormat>
		</DataUnit>
		<DataUnit>
			<Name>G</Name>
			<Bits>1</Bits>
			<TypeFormat>0</TypeFormat>
		</DataUnit>
		<DataUnit>
			<Name>spare</Name>
			<Bits>2</Bits>
			<TypeFormat>0</TypeFormat>
		</DataUnit>
		<DataUnit>
			<Name>Mode-C Reply</Name>
			<Bits>12</Bits>
			<TypeFormat>0</TypeFormat>
		</DataUnit>
		<DataUnit>
			<Name>spare-2</Name>
			<Bits>4</Bits>
			<TypeFormat>0</TypeFormat>
		</DataUnit>
		<DataUnit>
			<Name>QXi</Name>
			<Bits>12</Bits>
			<TypeFormat>0</TypeFormat>
		</DataUnit>		
	</DataItem>
	<DataItem>
		<Id>110</Id>
		<Name>Height Measured by a 3D Radar</Name>
		<Type>0</Type>
		<EncodingRule>0</EncodingRule>
		<DataUnit>
			<Name>spare</Name>
			<Bits>2</Bits>
			<TypeFormat>0</TypeFormat>
		</DataUnit>
		<DataUnit>
			<Name>3D-Height</Name>
			<Bits>14</Bits>
			<TypeFormat>1</TypeFormat>
			<LSB>25</LSB>
		</DataUnit>
	</DataItem>
	<DataItem>
		<Id>120</Id>
		<Name>Radial Doppler Speed</Name>
		<Type>2</Type>
		<EncodingRule>0</EncodingRule>
		<Subfield>
			<DataUnit>
				<Name>D</Name>
				<Bits>1</Bits>
				<TypeFormat>0</TypeFormat>
			</DataUnit>
			<DataUnit>
				<Name>spare</Name>
				<Bits>5</Bits>
				<TypeFormat>0</TypeFormat>
			</DataUnit>
			<DataUnit>
				<Name>CAL</Name>
				<Bits>10</Bits>
				<TypeFormat>0</TypeFormat>
				<LSB>1</LSB>
			</DataUnit>			
		</Subfield>
		<Subfield>
			<DataUnit>
				<Name>REP</Name>
				<Bits>8</Bits>
				<TypeFormat>0</TypeFormat>
			</DataUnit>
			<DataUnit>
				<Name>DOP</Name>
				<Bits>16</Bits>
				<TypeFormat>0</TypeFormat>
				<LSB>1</LSB>
			</DataUnit>
			<DataUnit>
				<Name>AMB</Name>
				<Bits>16</Bits>
				<TypeFormat>0</TypeFormat>
				<LSB>1</LSB>
			</DataUnit>
			<DataUnit>
				<Name>FRQ</Name>
				<Bits>16</Bits>
				<TypeFormat>0</TypeFormat>
				<LSB>1</LSB>
			</DataUnit>
		</Subfield>		
	</DataItem>
	<DataItem>
		<Id>130</Id>
		<Name>Radar Plot Characteristics</Name>
		<Type>2</Type>
		<EncodingRule>0</EncodingRule>
		<Subfield>
			<DataUnit>
				<Name>SRL</Name>
				<Bits>8</Bits>
				<TypeFormat>0</TypeFormat>
				<LSB>0.0439453125</LSB>
			</DataUnit>			
		</Subfield>
		<Subfield>
			<DataUnit>
				<Name>SRR</Name>
				<Bits>8</Bits>
				<TypeFormat>0</TypeFormat>
				<LSB>1</LSB>
			</DataUnit>
		</Subfield>
		<Subfield>
			<DataUnit>
				<Name>SAM</Name>
				<Bits>8</Bits>
				<TypeFormat>0</TypeFormat>
				<LSB>1</LSB>
			</DataUnit>			
		</Subfield>
		<Subfield>
			<DataUnit>
				<Name>PRL</Name>
				<Bits>8</Bits>
				<TypeFormat>0</TypeFormat>
				<LSB>0.0439453125</LSB>
			</DataUnit>
		</Subfield>
		<Subfield>
			<DataUnit>
				<Name>PAM</Name>
				<Bits>8</Bits>
				<TypeFormat>0</TypeFormat>
				<LSB>1</LSB>
			</DataUnit>
		</Subfield>
		<Subfield>
			<DataUnit>
				<Name>RPD</Name>
				<Bits>8</Bits>
				<TypeFormat>0</TypeFormat>
				<LSB>0.003906250</LSB>
			</DataUnit>			
		</Subfield>
		<Subfield>
			<DataUnit>
				<Name>APD</Name>
				<Bits>8</Bits>
				<TypeFormat>1</TypeFormat>
				<LSB>0.02197265625</LSB>
			</DataUnit>
		</Subfield>
	</DataItem>
	<DataItem>
		<Id>140</Id>
		<Name>Time Of Day</Name>
		<Type>0</Type>
		<DataUnit>
			<Name>Time Of Day</Name>
			<Bits>24</Bits>
			<TypeFormat>0</TypeFormat>
			<LSB>0.0078125</LSB>
		</DataUnit>			
	</DataItem>
	<DataItem>
		<Id>161</Id>
		<Name>Track Number</Name>
		<Type>0</Type>
		<EncodingRule>0</EncodingRule>
		<DataUnit>
			<Name>spare</Name>
			<Bits>4</Bits>
			<TypeFormat>1</TypeFormat>
		</DataUnit>
		<DataUnit>
			<Name>TRACK NUMBER</Name>
			<Bits>12</Bits>
			<TypeFormat>1</TypeFormat>
		</DataUnit>
	</DataItem>			
	<DataItem>
		<Id>170</Id>
		<Name>Track Status</Name>
		<Type>1</Type>
		<Extent>
			<DataUnit>
				<Name>CNF</Name>
				<Bits>1</Bits>
				<TypeFormat>0</TypeFormat>
			</DataUnit>				
			<DataUnit>
				<Name>RAD</Name>
				<Bits>2</Bits>
				<TypeFormat>0</TypeFormat>
			</DataUnit>			
			<DataUnit>
				<Name>DOU</Name>
				<Bits>1</Bits>
				<TypeFormat>0</TypeFormat>
			</DataUnit>			
			<DataUnit>
				<Name>MAH</Name>
				<Bits>1</Bits>
				<TypeFormat>0</TypeFormat>
			</DataUnit>
			<DataUnit>
				<Name>CDM</Name>
				<Bits>2</Bits>
				<TypeFormat>0</TypeFormat>
			</DataUnit>
			<DataUnit>
				<Name>FX</Name>
				<Bits>1</Bits>
				<TypeFormat>0</TypeFormat>
			</DataUnit>
		</Extent>
		<Extent>
			<DataUnit>
				<Name>TRE</Name>
				<Bits>1</Bits>
				<TypeFormat>0</TypeFormat>
			</DataUnit>				
			<DataUnit>
				<Name>GHO</Name>
				<Bits>1</Bits>
				<TypeFormat>0</TypeFormat>
			</DataUnit>			
			<DataUnit>
				<Name>SUP</Name>
				<Bits>1</Bits>
				<TypeFormat>0</TypeFormat>
			</DataUnit>			
			<DataUnit>
				<Name>TCC</Name>
				<Bits>1</Bits>
				<TypeFormat>0</TypeFormat>
			</DataUnit>
			<DataUnit>
				<Name>spare</Name>
				<Bits>3</Bits>
				<TypeFormat>0</TypeFormat>
			</DataUnit>
		</Extent>
	</DataItem>
	<DataItem>
		<Id>200</Id>
		<Name>Calculated Track Velocity in Polar Co-ordinates</Name>
		<Type>0</Type>
		<DataUnit>
			<Name>CALCULATED GROUNDSPEED</Name>
			<Bits>16</Bits>
			<TypeFormat>0</TypeFormat>
			<LSB>6.103515625000000e-5</LSB>
		</DataUnit>
		<DataUnit>
			<Name>CALCULATED TRACK ANGLE</Name>
			<Bits>16</Bits>
			<TypeFormat>0</TypeFormat>
			<LSB>0.0054931640625</LSB>
		</DataUnit>
	</DataItem>
	<DataItem>
		<Id>210</Id>
		<Name>Track Quality</Name>
		<Type>0</Type>
		<EncodingRule>0</EncodingRule>
		<DataUnit>
			<Name>SigmaX</Name>
			<Bits>8</Bits>
			<TypeFormat>0</TypeFormat>
			<LSB>0.00781250</LSB>
		</DataUnit>
		<DataUnit>
			<Name>SigmaY</Name>
			<Bits>8</Bits>
			<TypeFormat>0</TypeFormat>
			<LSB>0.00781250</LSB>
		</DataUnit>
		<DataUnit>
			<Name>SigmaV</Name>
			<Bits>8</Bits>
			<TypeFormat>0</TypeFormat>
			<LSB>0.22</LSB>
		</DataUnit>
		<DataUnit>
			<Name>SigmaH</Name>
			<Bits>8</Bits>
			<TypeFormat>0</TypeFormat>
			<LSB>0.0878906250</LSB>
		</DataUnit>
	</DataItem>
	<DataItem>
		<Id>220</Id>
		<Name>Aircraft Address</Name>
		<Type>0</Type>
		<DataUnit>
			<Name>AIRCRAFT ADDRESS</Name>
			<Bits>24</Bits>
			<TypeFormat>0</TypeFormat>
		</DataUnit>
	</DataItem>
	<DataItem>
		<Id>230</Id>
		<Name>Communications/ACAS Capability and Flight Status</Name>
		<Type>0</Type>
		<DataUnit>
			<Name>COM</Name>
			<Bits>3</Bits>
			<TypeFormat>0</TypeFormat>
		</DataUnit>
		<DataUnit>
			<Name>STAT</Name>
			<Bits>3</Bits>
			<TypeFormat>0</TypeFormat>
		</DataUnit>
		<DataUnit>
			<Name>spare</Name>
			<Bits>2</Bits>
			<TypeFormat>0</TypeFormat>
		</DataUnit>
		<DataUnit>
			<Name>MSSC</Name>
			<Bits>1</Bits>
			<TypeFormat>0</TypeFormat>
		</DataUnit>
		<DataUnit>
			<Name>ARC</Name>
			<Bits>1</Bits>
			<TypeFormat>0</TypeFormat>
		</DataUnit>
		<DataUnit>
			<Name>AIC</Name>
			<Bits>1</Bits>
			<TypeFormat>0</TypeFormat>
		</DataUnit>
		<DataUnit>
			<Name>B1A</Name>
			<Bits>1</Bits>
			<TypeFormat>0</TypeFormat>
		</DataUnit>
		<DataUnit>
			<Name>B1B</Name>
			<Bits>4</Bits>
			<TypeFormat>0</TypeFormat>
		</DataUnit>
	</DataItem>
	<DataItem>
		<Id>240</Id>
		<Name>Aircraft Identification</Name>
		<Type>0</Type>
		<DataUnit>
			<Name>Character 1</Name>
			<Bits>6</Bits>
			<TypeFormat>2</TypeFormat>
		</DataUnit>
		<DataUnit>
			<Name>Character 2</Name>
			<Bits>6</Bits>
			<TypeFormat>2</TypeFormat>
		</DataUnit>
		<DataUnit>
			<Name>Character 3</Name>
			<Bits>6</Bits>
			<TypeFormat>2</TypeFormat>
		</DataUnit>
		<DataUnit>
			<Name>Character 4</Name>
			<Bits>6</Bits>
			<TypeFormat>2</TypeFormat>
		</DataUnit>
		<DataUnit>
			<Name>Character 5</Name>
			<Bits>6</Bits>
			<TypeFormat>2</TypeFormat>
		</DataUnit>
		<DataUnit>
			<Name>Character 6</Name>
			<Bits>6</Bits>
			<TypeFormat>2</TypeFormat>
		</DataUnit>
		<DataUnit>
			<Name>Character 7</Name>
			<Bits>6</Bits>
			<TypeFormat>2</TypeFormat>
		</DataUnit>
		<DataUnit>
			<Name>Character 8</Name>
			<Bits>6</Bits>
			<TypeFormat>2</TypeFormat>
		</DataUnit>
	</DataItem>
	<!-- DataItem>
		<Id>250</Id>
		<Name>Mode S MB Data</Name>
		<Type>3</Type>
		<EncodingRule>0</EncodingRule>
		<DataUnit>
			<Name>MB Data</Name>
			<Bits>56</Bits>
			<TypeFormat>0</TypeFormat>
		</DataUnit>
		<DataUnit>
			<Name>BDS1</Name>
			<Bits>4</Bits>
			<TypeFormat>0</TypeFormat>
		</DataUnit>
		<DataUnit>
			<Name>BDS2</Name>
			<Bits>4</Bits>
			<TypeFormat>0</TypeFormat>
		</DataUnit>
	</DataItem-->
	<!-- As defined by Camber -->
	<DataItem>
		<Id>250</Id>
		<Name>Mode S MB Data</Name>
		<Type>0</Type>
		<EncodingRule>0</EncodingRule>
		<DataUnit>
			<Name>REP</Name>
			<Bits>8</Bits>
			<TypeFormat>0</TypeFormat>
		</DataUnit>
		<DataUnit>
			<Name>Padding 1</Name>
			<Bits>24</Bits>
			<TypeFormat>0</TypeFormat>
		</DataUnit>
		<DataUnit>
			<Name>Latitude</Name>
			<Bits>32</Bits>
			<TypeFormat>1</TypeFormat>
			<LSB>8.381903171539307e-8</LSB>
		</DataUnit>
		<DataUnit>
			<Name>BDS 1</Name>
			<Bits>8</Bits>
			<TypeFormat>0</TypeFormat>
		</DataUnit>
		<DataUnit>
			<Name>Padding 2</Name>
			<Bits>24</Bits>
			<TypeFormat>0</TypeFormat>
		</DataUnit>
		<DataUnit>
			<Name>Longitude</Name>
			<Bits>32</Bits>
			<TypeFormat>1</TypeFormat>
			<LSB>8.381903171539307e-8</LSB>
		</DataUnit>
		<DataUnit>
			<Name>BDS 2</Name>
			<Bits>8</Bits>
			<TypeFormat>0</TypeFormat>
		</DataUnit>
		<DataUnit>
			<Name>Padding 3</Name>
			<Bits>24</Bits>
			<TypeFormat>0</TypeFormat>
		</DataUnit>
		<DataUnit>
			<Name>Altitude</Name>
			<Bits>32</Bits>
			<TypeFormat>1</TypeFormat>
			<LSB>1</LSB>
		</DataUnit>
		<DataUnit>
			<Name>BDS 3</Name>
			<Bits>8</Bits>
			<TypeFormat>0</TypeFormat>
		</DataUnit>
		<DataUnit>
			<Name>Padding 4</Name>
			<Bits>24</Bits>
			<TypeFormat>0</TypeFormat>
		</DataUnit>
		<DataUnit>
			<Name>Magnetic Heading</Name>
			<Bits>32</Bits>
			<TypeFormat>1</TypeFormat>
			<LSB>0.005493164062500</LSB>
		</DataUnit>
		<DataUnit>
			<Name>BDS 4</Name>
			<Bits>8</Bits>
			<TypeFormat>0</TypeFormat>
		</DataUnit>
		<DataUnit>
			<Name>Padding 5</Name>
			<Bits>24</Bits>
			<TypeFormat>0</TypeFormat>
		</DataUnit>
		<DataUnit>
			<Name>Horizontal Speed</Name>
			<Bits>32</Bits>
			<TypeFormat>1</TypeFormat>
			<LSB>0.1</LSB>
		</DataUnit>
		<DataUnit>
			<Name>BDS 5</Name>
			<Bits>8</Bits>
			<TypeFormat>0</TypeFormat>
		</DataUnit>
		<DataUnit>
			<Name>Padding 6</Name>
			<Bits>24</Bits>
			<TypeFormat>0</TypeFormat>
		</DataUnit>
		<DataUnit>
			<Name>Vertical Speed</Name>
			<Bits>32</Bits>
			<TypeFormat>1</TypeFormat>
			<LSB>0.1</LSB>
		</DataUnit>
		<DataUnit>
			<Name>BDS 6</Name>
			<Bits>8</Bits>
			<TypeFormat>0</TypeFormat>
		</DataUnit>
	</DataItem>
	<DataItem>
		<Id>260</Id>
		<Name>ACAS Resolution Advisory Report</Name>
		<Type>0</Type>
		<DataUnit>
			<Name>MB DATA</Name>
			<Bits>56</Bits>
			<TypeFormat>0</TypeFormat>
		</DataUnit>
	</DataItem>
</AsterixCategory>