<?xml version="1.0" encoding="UTF-8"?>
<AsterixCategory cat="62">
	<DataItem>
		<Id>10</Id>
		<Name>Data Source Identifier</Name>
		<Type>0</Type>
		<EncodingRule>1</EncodingRule>
		<DataUnit>
			<Name>SAC</Name>
			<Bits>8</Bits>
			<TypeFormat>0</TypeFormat>
		</DataUnit>
		<DataUnit>
			<Name>SIC</Name>
			<Bits>8</Bits>
			<TypeFormat>0</TypeFormat>
		</DataUnit>
	</DataItem>
	<DataItem>
		<Id>15</Id>
		<Name>Service Identification</Name>
		<Type>0</Type>
		<DataUnit>
			<Name>Service Identification</Name>
			<Bits>8</Bits>
			<TypeFormat>0</TypeFormat>
		</DataUnit>
	</DataItem>
	<DataItem>
		<Id>40</Id>
		<Name>Track Number</Name>
		<Type>0</Type>
		<EncodingRule>1</EncodingRule>
		<DataUnit>
			<Name>Track Number</Name>
			<Bits>16</Bits>
			<TypeFormat>0</TypeFormat>
		</DataUnit>
	</DataItem>
	<DataItem>
		<Id>60</Id>
		<Name>Track Mode 3/A Code</Name>
		<Type>0</Type>
		<DataUnit>
			<Name>Spare1</Name>
			<Bits>2</Bits>
			<TypeFormat>0</TypeFormat>
		</DataUnit>
		<DataUnit>
			<Name>CH</Name>
			<Bits>1</Bits>
			<TypeFormat>0</TypeFormat>
		</DataUnit>
		<DataUnit>
			<Name>Spare2</Name>
			<Bits>1</Bits>
			<TypeFormat>0</TypeFormat>
		</DataUnit>
		<DataUnit>
			<Name>Track Mode 3/A Code</Name>
			<Bits>12</Bits>
			<TypeFormat>0</TypeFormat>
		</DataUnit>
	</DataItem>
	<DataItem>
		<Id>70</Id>
		<Name>Time Of Track Information</Name>
		<Type>0</Type>
		<EncodingRule>1</EncodingRule>
		<DataUnit>
			<Name>Time Of Track Information</Name>
			<Bits>24</Bits>
			<TypeFormat>0</TypeFormat>
			<LSB>7.8125e-3</LSB>
		</DataUnit>
	</DataItem>
	<DataItem>
		<Id>80</Id>
		<Name>Track Status</Name>
		<Type>1</Type>
		<EncodingRule>1</EncodingRule>
		<Extent>
			<DataUnit>
				<Name>MON</Name>
				<Bits>1</Bits>
				<TypeFormat>0</TypeFormat>
			</DataUnit>
			<DataUnit>
				<Name>SPI</Name>
				<Bits>1</Bits>
				<TypeFormat>0</TypeFormat>
			</DataUnit>
			<DataUnit>
				<Name>MRH</Name>
				<Bits>1</Bits>
				<TypeFormat>0</TypeFormat>
			</DataUnit>
			<DataUnit>
				<Name>SRC</Name>
				<Bits>3</Bits>
				<TypeFormat>0</TypeFormat>
			</DataUnit>
			<DataUnit>
				<Name>CNF</Name>
				<Bits>1</Bits>
				<TypeFormat>0</TypeFormat>
			</DataUnit>
		</Extent>
		<Extent>
			<DataUnit>
				<Name>SIM</Name>
				<Bits>1</Bits>
				<TypeFormat>0</TypeFormat>
			</DataUnit>
			<DataUnit>
				<Name>TSE</Name>
				<Bits>1</Bits>
				<TypeFormat>0</TypeFormat>
			</DataUnit>
			<DataUnit>
				<Name>TSB</Name>
				<Bits>1</Bits>
				<TypeFormat>0</TypeFormat>
			</DataUnit>
			<DataUnit>
				<Name>FPC</Name>
				<Bits>1</Bits>
				<TypeFormat>0</TypeFormat>
			</DataUnit>
			<DataUnit>
				<Name>AFF</Name>
				<Bits>1</Bits>
				<TypeFormat>0</TypeFormat>
			</DataUnit>
			<DataUnit>
				<Name>STP</Name>
				<Bits>1</Bits>
				<TypeFormat>0</TypeFormat>
			</DataUnit>
			<DataUnit>
				<Name>KOS</Name>
				<Bits>1</Bits>
				<TypeFormat>0</TypeFormat>
			</DataUnit>
		</Extent>
		<Extent>
			<DataUnit>
				<Name>AMA</Name>
				<Bits>1</Bits>
				<TypeFormat>0</TypeFormat>
			</DataUnit>
			<DataUnit>
				<Name>MD4</Name>
				<Bits>2</Bits>
				<TypeFormat>0</TypeFormat>
			</DataUnit>
			<DataUnit>
				<Name>ME</Name>
				<Bits>1</Bits>
				<TypeFormat>0</TypeFormat>
			</DataUnit>
			<DataUnit>
				<Name>MI</Name>
				<Bits>1</Bits>
				<TypeFormat>0</TypeFormat>
			</DataUnit>
			<DataUnit>
				<Name>MD5</Name>
				<Bits>2</Bits>
				<TypeFormat>0</TypeFormat>
			</DataUnit>
		</Extent>
		<Extent>
			<DataUnit>
				<Name>CST</Name>
				<Bits>1</Bits>
				<TypeFormat>0</TypeFormat>
			</DataUnit>
			<DataUnit>
				<Name>PSR</Name>
				<Bits>1</Bits>
				<TypeFormat>0</TypeFormat>
			</DataUnit>
			<DataUnit>
				<Name>SSR</Name>
				<Bits>1</Bits>
				<TypeFormat>0</TypeFormat>
			</DataUnit>
			<DataUnit>
				<Name>MDS</Name>
				<Bits>1</Bits>
				<TypeFormat>0</TypeFormat>
			</DataUnit>
			<DataUnit>
				<Name>ADS</Name>
				<Bits>1</Bits>
				<TypeFormat>0</TypeFormat>
			</DataUnit>
			<DataUnit>
				<Name>SUC</Name>
				<Bits>1</Bits>
				<TypeFormat>0</TypeFormat>
			</DataUnit>
			<DataUnit>
				<Name>AAC</Name>
				<Bits>1</Bits>
				<TypeFormat>0</TypeFormat>
			</DataUnit>
		</Extent>
	</DataItem>
	<DataItem>
		<Id>100</Id>
		<Name>Calculated Track Position (Cartesian)</Name>
		<Type>0</Type>
		<DataUnit>
			<Name>Track Position X</Name>
			<Bits>24</Bits>
			<TypeFormat>1</TypeFormat>
			<LSB>0.5</LSB>
		</DataUnit>
		<DataUnit>
			<Name>Track Position Y</Name>
			<Bits>24</Bits>
			<TypeFormat>1</TypeFormat>
			<LSB>0.5</LSB>
		</DataUnit>
	</DataItem>
	<DataItem>
		<Id>105</Id>
		<Name>Calculated Position in WGS-84 Coordinates</Name>
		<Type>0</Type>
		<DataUnit>
			<Name>Latitude in WGS-84</Name>
			<Bits>32</Bits>
			<TypeFormat>1</TypeFormat>
			<LSB>5.36441803e-6</LSB>
		</DataUnit>
		<DataUnit>
			<Name>Longitude in WGS-84</Name>
			<Bits>32</Bits>
			<TypeFormat>1</TypeFormat>
			<LSB>5.36441803e-6</LSB>
		</DataUnit>
	</DataItem>
	<DataItem>
		<Id>110</Id>
		<Name>TODO - Mode 5 Data reports and Extended Mode 1 Code</Name>
		<Type>0</Type>
		<DataUnit>
			<Name>TODO</Name>
			<Bits>8</Bits>
			<TypeFormat>0</TypeFormat>
			<LSB>1</LSB>
		</DataUnit>		
	</DataItem>
	<DataItem>
		<Id>120</Id>
		<Name>Track Mode 2 Code</Name>
		<Type>0</Type>
		<DataUnit>
			<Name>Spare</Name>
			<Bits>4</Bits>
			<TypeFormat>0</TypeFormat>
		</DataUnit>
		<DataUnit>
			<Name>Track Mode 2 Code</Name>
			<Bits>12</Bits>
			<TypeFormat>0</TypeFormat>
		</DataUnit>
	</DataItem>
	<DataItem>
		<Id>130</Id>
		<Name>Calculated Track Geometric Altitude</Name>
		<Type>0</Type>
		<DataUnit>
			<Name>Altitude</Name>
			<Bits>16</Bits>
			<TypeFormat>1</TypeFormat>
			<LSB>6.25</LSB>
		</DataUnit>
	</DataItem>
	<DataItem>
		<Id>135</Id>
		<Name>Calculated Track Barometric Altitude</Name>
		<Type>0</Type>
		<DataUnit>
			<Name>QNH</Name>
			<Bits>1</Bits>
			<TypeFormat>0</TypeFormat>
			<LSB>1</LSB>
		</DataUnit>
		<DataUnit>
			<Name>Calculated Track Barometric Altitude</Name>
			<Bits>15</Bits>
			<TypeFormat>1</TypeFormat>
			<LSB>25</LSB>
		</DataUnit>
	</DataItem>
	<DataItem>
		<Id>136</Id>
		<Name>Measured Flight Level</Name>
		<Type>0</Type>
		<DataUnit>
			<Name>Measured Flight Level</Name>
			<Bits>16</Bits>
			<TypeFormat>1</TypeFormat>
			<LSB>0.25</LSB>
		</DataUnit>
	</DataItem>
	<DataItem>
		<Id>185</Id>
		<Name>Calculated Track Velocity (Cartesian)</Name>
		<Type>0</Type>
		<DataUnit>
			<Name>Velocity X</Name>
			<Bits>16</Bits>
			<TypeFormat>1</TypeFormat>
			<LSB>0.25</LSB>
		</DataUnit>
		<DataUnit>
			<Name>Velocity Y</Name>
			<Bits>16</Bits>
			<TypeFormat>1</TypeFormat>
			<LSB>0.25</LSB>
		</DataUnit>
	</DataItem>
	<DataItem>
		<Id>200</Id>
		<Name>Mode of Movement</Name>
		<Type>0</Type>
		<DataUnit>
			<Name>TRANS</Name>
			<Bits>2</Bits>
			<TypeFormat>0</TypeFormat>
			<LSB>1</LSB>
		</DataUnit>
		<DataUnit>
			<Name>LONG</Name>
			<Bits>2</Bits>
			<TypeFormat>0</TypeFormat>
			<LSB>1</LSB>
		</DataUnit>
		<DataUnit>
			<Name>VERT</Name>
			<Bits>2</Bits>
			<TypeFormat>0</TypeFormat>
			<LSB>1</LSB>
		</DataUnit>
		<DataUnit>
			<Name>Spare</Name>
			<Bits>2</Bits>
			<TypeFormat>0</TypeFormat>
			<LSB>1</LSB>
		</DataUnit>
	</DataItem>
	<DataItem>
		<Id>210</Id>
		<Name>Calculated Acceleration (Cartesian)</Name>
		<Type>0</Type>
		<DataUnit>
			<Name>Acceleration X</Name>
			<Bits>8</Bits>
			<TypeFormat>1</TypeFormat>
			<LSB>0.25</LSB>
		</DataUnit>
		<DataUnit>
			<Name>Acceleration Y</Name>
			<Bits>8</Bits>
			<TypeFormat>1</TypeFormat>
			<LSB>0.25</LSB>
		</DataUnit>
	</DataItem>
	<DataItem>
		<Id>220</Id>
		<Name>Calculated Rate of Climb</Name>
		<Type>0</Type>
		<DataUnit>
			<Name>Calculated Rate of Climb</Name>
			<Bits>16</Bits>
			<TypeFormat>1</TypeFormat>
			<LSB>6.25</LSB>
		</DataUnit>
	</DataItem>
	<DataItem>
		<Id>245</Id>
		<Name>Target Identification</Name>
		<Type>0</Type>
		<DataUnit>
			<Name>STI</Name>
			<Bits>2</Bits>
			<TypeFormat>0</TypeFormat>
		</DataUnit>
		<DataUnit>
			<Name>Spare bits</Name>
			<Bits>6</Bits>
			<TypeFormat>0</TypeFormat>
		</DataUnit>
		<DataUnit>
			<Name>Character 1</Name>
			<Bits>6</Bits>
			<TypeFormat>2</TypeFormat>
		</DataUnit>
		<DataUnit>
			<Name>Character 2</Name>
			<Bits>6</Bits>
			<TypeFormat>2</TypeFormat>
		</DataUnit>
		<DataUnit>
			<Name>Character 3</Name>
			<Bits>6</Bits>
			<TypeFormat>2</TypeFormat>
		</DataUnit>
		<DataUnit>
			<Name>Character 4</Name>
			<Bits>6</Bits>
			<TypeFormat>2</TypeFormat>
		</DataUnit>
		<DataUnit>
			<Name>Character 5</Name>
			<Bits>6</Bits>
			<TypeFormat>2</TypeFormat>
		</DataUnit>
		<DataUnit>
			<Name>Character 6</Name>
			<Bits>6</Bits>
			<TypeFormat>2</TypeFormat>
		</DataUnit>
		<DataUnit>
			<Name>Character 7</Name>
			<Bits>6</Bits>
			<TypeFormat>2</TypeFormat>
		</DataUnit>
		<DataUnit>
			<Name>Character 8</Name>
			<Bits>6</Bits>
			<TypeFormat>2</TypeFormat>
		</DataUnit>
	</DataItem>
	<DataItem>
		<Id>270</Id>
		<Name>Target Size And Orientation</Name>
		<Type>1</Type>
		<Extent>
			<DataUnit>
				<Name>Length</Name>
				<Bits>7</Bits>
				<TypeFormat>0</TypeFormat>
				<LSB>1</LSB>
			</DataUnit>
		</Extent>
		<Extent>
			<DataUnit>
				<Name>Orientation</Name>
				<Bits>7</Bits>
				<TypeFormat>0</TypeFormat>
				<LSB>2.8125</LSB>
			</DataUnit>
		</Extent>
		<Extent>
			<DataUnit>
				<Name>Width</Name>
				<Bits>7</Bits>
				<TypeFormat>0</TypeFormat>
				<LSB>1</LSB>
			</DataUnit>
		</Extent>
	</DataItem>
	<DataItem>
		<Id>290</Id>
		<Name>System Track Update Ages</Name>
		<Type>2</Type>
		<Subfield>
			<DataUnit>
				<Name>TRK</Name>
				<Bits>8</Bits>
				<TypeFormat>0</TypeFormat>
				<LSB>0.25</LSB>
			</DataUnit>		
		</Subfield>
		<Subfield>
			<DataUnit>
				<Name>PSR</Name>
				<Bits>8</Bits>
				<TypeFormat>0</TypeFormat>
				<LSB>0.25</LSB>
			</DataUnit>		
		</Subfield>
		<Subfield>
			<DataUnit>
				<Name>SSR</Name>
				<Bits>8</Bits>
				<TypeFormat>0</TypeFormat>
				<LSB>0.25</LSB>
			</DataUnit>		
		</Subfield>
		<Subfield>
			<DataUnit>
				<Name>MDS</Name>
				<Bits>8</Bits>
				<TypeFormat>0</TypeFormat>
				<LSB>0.25</LSB>
			</DataUnit>		
		</Subfield>
		<Subfield>
			<DataUnit>
				<Name>ADS</Name>
				<Bits>16</Bits>
				<TypeFormat>0</TypeFormat>
				<LSB>0.25</LSB>
			</DataUnit>		
		</Subfield>
		<Subfield>
			<DataUnit>
				<Name>ES</Name>
				<Bits>8</Bits>
				<TypeFormat>0</TypeFormat>
				<LSB>0.25</LSB>
			</DataUnit>		
		</Subfield>
		<Subfield>
			<DataUnit>
				<Name>VDL</Name>
				<Bits>8</Bits>
				<TypeFormat>0</TypeFormat>
				<LSB>0.25</LSB>
			</DataUnit>		
		</Subfield>
		<Subfield>
			<DataUnit>
				<Name>UAT</Name>
				<Bits>8</Bits>
				<TypeFormat>0</TypeFormat>
				<LSB>0.25</LSB>
			</DataUnit>		
		</Subfield>
		<Subfield>
			<DataUnit>
				<Name>LOP</Name>
				<Bits>8</Bits>
				<TypeFormat>0</TypeFormat>
				<LSB>0.25</LSB>
			</DataUnit>		
		</Subfield>
		<Subfield>
			<DataUnit>
				<Name>MLT</Name>
				<Bits>8</Bits>
				<TypeFormat>0</TypeFormat>
				<LSB>0.25</LSB>
			</DataUnit>		
		</Subfield>
	</DataItem>
	<DataItem>
		<Id>295</Id>
		<Name>Track Data Ages</Name>
		<Type>2</Type>
		<Subfield>
			<DataUnit>
				<Name>MFL</Name>
				<Bits>8</Bits>
				<TypeFormat>0</TypeFormat>
				<LSB>0.25</LSB>
			</DataUnit>
		</Subfield>
		<Subfield>
			<DataUnit>
				<Name>MD1</Name>
				<Bits>8</Bits>
				<TypeFormat>0</TypeFormat>
				<LSB>0.25</LSB>
			</DataUnit>
		</Subfield>
		<Subfield>
			<DataUnit>
				<Name>MD2</Name>
				<Bits>8</Bits>
				<TypeFormat>0</TypeFormat>
				<LSB>0.25</LSB>
			</DataUnit>
		</Subfield>
		<Subfield>
			<DataUnit>
				<Name>MDA</Name>
				<Bits>8</Bits>
				<TypeFormat>0</TypeFormat>
				<LSB>0.25</LSB>
			</DataUnit>
		</Subfield>
		<Subfield>
			<DataUnit>
				<Name>MD4</Name>
				<Bits>8</Bits>
				<TypeFormat>0</TypeFormat>
				<LSB>0.25</LSB>
			</DataUnit>
		</Subfield>
		<Subfield>
			<DataUnit>
				<Name>MD5</Name>
				<Bits>8</Bits>
				<TypeFormat>0</TypeFormat>
				<LSB>0.25</LSB>
			</DataUnit>
		</Subfield>
		<Subfield>
			<DataUnit>
				<Name>MHG</Name>
				<Bits>8</Bits>
				<TypeFormat>0</TypeFormat>
				<LSB>0.25</LSB>
			</DataUnit>
		</Subfield>
		<Subfield>
			<DataUnit>
				<Name>IAS</Name>
				<Bits>8</Bits>
				<TypeFormat>0</TypeFormat>
				<LSB>0.25</LSB>
			</DataUnit>
		</Subfield>
		<Subfield>
			<DataUnit>
				<Name>TAS</Name>
				<Bits>8</Bits>
				<TypeFormat>0</TypeFormat>
				<LSB>0.25</LSB>
			</DataUnit>
		</Subfield>
		<Subfield>
			<DataUnit>
				<Name>SAL</Name>
				<Bits>8</Bits>
				<TypeFormat>0</TypeFormat>
				<LSB>0.25</LSB>
			</DataUnit>
		</Subfield>
		<Subfield>
			<DataUnit>
				<Name>FSS</Name>
				<Bits>8</Bits>
				<TypeFormat>0</TypeFormat>
				<LSB>0.25</LSB>
			</DataUnit>
		</Subfield>
		<Subfield>
			<DataUnit>
				<Name>TID</Name>
				<Bits>8</Bits>
				<TypeFormat>0</TypeFormat>
				<LSB>0.25</LSB>
			</DataUnit>
		</Subfield>
		<Subfield>
			<DataUnit>
				<Name>COM</Name>
				<Bits>8</Bits>
				<TypeFormat>0</TypeFormat>
				<LSB>0.25</LSB>
			</DataUnit>
		</Subfield>
		<Subfield>
			<DataUnit>
				<Name>SAB</Name>
				<Bits>8</Bits>
				<TypeFormat>0</TypeFormat>
				<LSB>0.25</LSB>
			</DataUnit>
		</Subfield>
		<Subfield>
			<DataUnit>
				<Name>ACS</Name>
				<Bits>8</Bits>
				<TypeFormat>0</TypeFormat>
				<LSB>0.25</LSB>
			</DataUnit>
		</Subfield>
		<Subfield>
			<DataUnit>
				<Name>BVR</Name>
				<Bits>8</Bits>
				<TypeFormat>0</TypeFormat>
				<LSB>0.25</LSB>
			</DataUnit>
		</Subfield>
		<Subfield>
			<DataUnit>
				<Name>GVR</Name>
				<Bits>8</Bits>
				<TypeFormat>0</TypeFormat>
				<LSB>0.25</LSB>
			</DataUnit>
		</Subfield>
		<Subfield>
			<DataUnit>
				<Name>RAN</Name>
				<Bits>8</Bits>
				<TypeFormat>0</TypeFormat>
				<LSB>0.25</LSB>
			</DataUnit>
		</Subfield>
		<Subfield>
			<DataUnit>
				<Name>TAR</Name>
				<Bits>8</Bits>
				<TypeFormat>0</TypeFormat>
				<LSB>0.25</LSB>
			</DataUnit>
		</Subfield>
		<Subfield>
			<DataUnit>
				<Name>TAN</Name>
				<Bits>8</Bits>
				<TypeFormat>0</TypeFormat>
				<LSB>0.25</LSB>
			</DataUnit>
		</Subfield>
		<Subfield>
			<DataUnit>
				<Name>GSP</Name>
				<Bits>8</Bits>
				<TypeFormat>0</TypeFormat>
				<LSB>0.25</LSB>
			</DataUnit>
		</Subfield>
		<Subfield>
			<DataUnit>
				<Name>VUN</Name>
				<Bits>8</Bits>
				<TypeFormat>0</TypeFormat>
				<LSB>0.25</LSB>
			</DataUnit>
		</Subfield>
		<Subfield>
			<DataUnit>
				<Name>MET</Name>
				<Bits>8</Bits>
				<TypeFormat>0</TypeFormat>
				<LSB>0.25</LSB>
			</DataUnit>
		</Subfield>
		<Subfield>
			<DataUnit>
				<Name>EMC</Name>
				<Bits>8</Bits>
				<TypeFormat>0</TypeFormat>
				<LSB>0.25</LSB>
			</DataUnit>
		</Subfield>
		<Subfield>
			<DataUnit>
				<Name>POS</Name>
				<Bits>8</Bits>
				<TypeFormat>0</TypeFormat>
				<LSB>0.25</LSB>
			</DataUnit>
		</Subfield>
		<Subfield>
			<DataUnit>
				<Name>GAL</Name>
				<Bits>8</Bits>
				<TypeFormat>0</TypeFormat>
				<LSB>0.25</LSB>
			</DataUnit>
		</Subfield>
		<Subfield>
			<DataUnit>
				<Name>PUN</Name>
				<Bits>8</Bits>
				<TypeFormat>0</TypeFormat>
				<LSB>0.25</LSB>
			</DataUnit>
		</Subfield>
		<Subfield>
			<DataUnit>
				<Name>MB</Name>
				<Bits>8</Bits>
				<TypeFormat>0</TypeFormat>
				<LSB>0.25</LSB>
			</DataUnit>
		</Subfield>
		<Subfield>
			<DataUnit>
				<Name>IAR</Name>
				<Bits>8</Bits>
				<TypeFormat>0</TypeFormat>
				<LSB>0.25</LSB>
			</DataUnit>
		</Subfield>
		<Subfield>
			<DataUnit>
				<Name>MAC</Name>
				<Bits>8</Bits>
				<TypeFormat>0</TypeFormat>
				<LSB>0.25</LSB>
			</DataUnit>
		</Subfield>
		<Subfield>
			<DataUnit>
				<Name>BPS</Name>
				<Bits>8</Bits>
				<TypeFormat>0</TypeFormat>
				<LSB>0.25</LSB>
			</DataUnit>
		</Subfield>
	</DataItem>
	<DataItem>
		<Id>300</Id>
		<Name>Vehicle Fleet Identification</Name>
		<Type>0</Type>
		<DataUnit>
			<Name>VFI</Name>
			<Bits>8</Bits>
			<TypeFormat>0</TypeFormat>
			<LSB>1</LSB>
		</DataUnit>		
	</DataItem>
	<DataItem>
		<Id>340</Id>
		<Name>Mesured Information</Name>
		<Type>2</Type>
		<Subfield>
			<DataUnit>
				<Name>SAC</Name>
				<Bits>8</Bits>
				<TypeFormat>0</TypeFormat>
			</DataUnit>
			<DataUnit>
				<Name>SIC</Name>
				<Bits>8</Bits>
				<TypeFormat>0</TypeFormat>
			</DataUnit>
		</Subfield>
		<Subfield>
			<DataUnit>
				<Name>Rho</Name>
				<Bits>16</Bits>
				<TypeFormat>0</TypeFormat>
				<LSB>3.90625e-3</LSB>
			</DataUnit>
			<DataUnit>
				<Name>Theta</Name>
				<Bits>16</Bits>
				<TypeFormat>0</TypeFormat>
				<LSB>5.493164062e-3</LSB>
			</DataUnit>
		</Subfield>
		<Subfield>
			<DataUnit>
				<Name>Height</Name>
				<Bits>16</Bits>
				<TypeFormat>0</TypeFormat>
				<LSB>25</LSB>
			</DataUnit>
		</Subfield>
		<Subfield>
			<DataUnit>
				<Name>Last Measured Mode C Code (V)</Name>
				<Bits>1</Bits>
				<TypeFormat>0</TypeFormat>
			</DataUnit>
			<DataUnit>
				<Name>Last Measured Mode C Code (G)</Name>
				<Bits>1</Bits>
				<TypeFormat>0</TypeFormat>
			</DataUnit>
			<DataUnit>
				<Name>Last Measured Mode C Code</Name>
				<Bits>14</Bits>
				<TypeFormat>1</TypeFormat>
				<LSB>0.25</LSB>
			</DataUnit>
		</Subfield>
		<Subfield>
			<DataUnit>
				<Name>Last Measured Mode 3/A Code (V)</Name>
				<Bits>1</Bits>
				<TypeFormat>0</TypeFormat>
			</DataUnit>
			<DataUnit>
				<Name>Last Measured Mode 3/A Code (G)</Name>
				<Bits>1</Bits>
				<TypeFormat>0</TypeFormat>
			</DataUnit>
			<DataUnit>
				<Name>Last Measured Mode 3/A Code (L)</Name>
				<Bits>1</Bits>
				<TypeFormat>0</TypeFormat>
			</DataUnit>
			<DataUnit>
				<Name>Spare Bit - Sufield 5</Name>
				<Bits>1</Bits>
				<TypeFormat>0</TypeFormat>
			</DataUnit>
			<DataUnit>
				<Name>Mode 3/A reply - Code A</Name>
				<Bits>3</Bits>
				<TypeFormat>0</TypeFormat>
			</DataUnit>
			<DataUnit>
				<Name>Mode 3/A reply - Code B</Name>
				<Bits>3</Bits>
				<TypeFormat>0</TypeFormat>
			</DataUnit>
			<DataUnit>
				<Name>Mode 3/A reply - Code C</Name>
				<Bits>3</Bits>
				<TypeFormat>0</TypeFormat>
			</DataUnit>
			<DataUnit>
				<Name>Mode 3/A reply - Code D</Name>
				<Bits>3</Bits>
				<TypeFormat>0</TypeFormat>
			</DataUnit>
		</Subfield>
		<Subfield>
			<DataUnit>
				<Name>TYP</Name>
				<Bits>3</Bits>
				<TypeFormat>0</TypeFormat>
			</DataUnit>
			<DataUnit>
				<Name>SIM</Name>
				<Bits>1</Bits>
				<TypeFormat>0</TypeFormat>
			</DataUnit>
			<DataUnit>
				<Name>RAB</Name>
				<Bits>1</Bits>
				<TypeFormat>0</TypeFormat>
			</DataUnit>
			<DataUnit>
				<Name>TST</Name>
				<Bits>1</Bits>
				<TypeFormat>0</TypeFormat>
			</DataUnit>
			<DataUnit>
				<Name>Spare Bit - Sufield 6</Name>
				<Bits>2</Bits>
				<TypeFormat>0</TypeFormat>
			</DataUnit>
		</Subfield>
	</DataItem>
	<DataItem>
		<Id>380</Id>
		<Name>Aircraft Derived Data</Name>
		<Type>2</Type>
		<Subfield>
			<DataUnit>
				<Name>Target Address</Name>
				<Bits>24</Bits>
				<TypeFormat>0</TypeFormat>
			</DataUnit>
		</Subfield>
		<Subfield>
			<DataUnit>
				<Name>Character 1</Name>
				<Bits>6</Bits>
				<TypeFormat>2</TypeFormat>
			</DataUnit>
			<DataUnit>
				<Name>Character 2</Name>
				<Bits>6</Bits>
				<TypeFormat>2</TypeFormat>
			</DataUnit>
			<DataUnit>
				<Name>Character 3</Name>
				<Bits>6</Bits>
				<TypeFormat>2</TypeFormat>
			</DataUnit>
			<DataUnit>
				<Name>Character 4</Name>
				<Bits>6</Bits>
				<TypeFormat>2</TypeFormat>
			</DataUnit>
			<DataUnit>
				<Name>Character 5</Name>
				<Bits>6</Bits>
				<TypeFormat>2</TypeFormat>
			</DataUnit>
			<DataUnit>
				<Name>Character 6</Name>
				<Bits>6</Bits>
				<TypeFormat>2</TypeFormat>
			</DataUnit>
			<DataUnit>
				<Name>Character 7</Name>
				<Bits>6</Bits>
				<TypeFormat>2</TypeFormat>
			</DataUnit>
			<DataUnit>
				<Name>Character 8</Name>
				<Bits>6</Bits>
				<TypeFormat>2</TypeFormat>
			</DataUnit>
		</Subfield>
		<Subfield>
			<DataUnit>
				<Name>Magnetic Heading</Name>
				<Bits>16</Bits>
				<TypeFormat>0</TypeFormat>
				<LSB>0.0055</LSB>
			</DataUnit>
		</Subfield>
		<Subfield>
			<DataUnit>
				<Name>Air Speed (IAS=0, Mach=1)</Name>
				<Bits>1</Bits>
				<TypeFormat>0</TypeFormat>
			</DataUnit>
			<DataUnit>
				<Name>Air Speed (IAS LSB=2e-14, or Mach LSB=1e-3)</Name>
				<Bits>15</Bits>
				<TypeFormat>0</TypeFormat>
			</DataUnit>
		</Subfield>
		<Subfield>
			<DataUnit>
				<Name>True Air Speed [Knots]</Name>
				<Bits>16</Bits>
				<TypeFormat>0</TypeFormat>
			</DataUnit>
		</Subfield>
		<Subfield>
			<DataUnit>
				<Name>SAS</Name>
				<Bits>1</Bits>
				<TypeFormat>0</TypeFormat>
			</DataUnit>
			<DataUnit>
				<Name>Source</Name>
				<Bits>2</Bits>
				<TypeFormat>0</TypeFormat>
			</DataUnit>
			<DataUnit>
				<Name>Altitude [ft]</Name>
				<Bits>13</Bits>
				<TypeFormat>0</TypeFormat>
				<LSB>25</LSB>
			</DataUnit>
		</Subfield>
		<Subfield>
			<DataUnit>
				<Name>Manage Vertical Mode (MV)</Name>
				<Bits>1</Bits>
				<TypeFormat>0</TypeFormat>
			</DataUnit>
			<DataUnit>
				<Name>Altitude Hold (AH)</Name>
				<Bits>1</Bits>
				<TypeFormat>0</TypeFormat>
			</DataUnit>
			<DataUnit>
				<Name>Approach Mode (AP)</Name>
				<Bits>1</Bits>
				<TypeFormat>0</TypeFormat>
			</DataUnit>
			<DataUnit>
				<Name>Altitude [ft]</Name>
				<Bits>13</Bits>
				<TypeFormat>1</TypeFormat>
				<LSB>25</LSB>
			</DataUnit>
		</Subfield>
		<Subfield>
			<DataUnit>
				<Name>NAV</Name>
				<Bits>1</Bits>
				<TypeFormat>0</TypeFormat>
			</DataUnit>
			<DataUnit>
				<Name>NVB</Name>
				<Bits>1</Bits>
				<TypeFormat>0</TypeFormat>
			</DataUnit>
			<DataUnit>
				<Name>Spare Bits (6 bits zero)</Name>
				<Bits>6</Bits>
				<TypeFormat>0</TypeFormat>
			</DataUnit>
			<DataUnit>
				<Name>FX</Name>
				<Bits>1</Bits>
				<TypeFormat>0</TypeFormat>
			</DataUnit>
		</Subfield>
		<Subfield>
			<DataUnit>
				<Name>TODO: Trajectory Intent Data 1</Name>
				<Bits>32</Bits>
				<TypeFormat>0</TypeFormat>
			</DataUnit>
			<DataUnit>
				<Name>TODO: Trajectory Intent Data 2</Name>
				<Bits>32</Bits>
				<TypeFormat>0</TypeFormat>
			</DataUnit>
			<DataUnit>
				<Name>TODO: Trajectory Intent Data 3</Name>
				<Bits>32</Bits>
				<TypeFormat>0</TypeFormat>
			</DataUnit>
			<DataUnit>
				<Name>TODO: Trajectory Intent Data 4</Name>
				<Bits>32</Bits>
				<TypeFormat>0</TypeFormat>
			</DataUnit>
		</Subfield>
		<Subfield>
			<DataUnit>
				<Name>ACAS Capability reported by mode-S</Name>
				<Bits>16</Bits>
				<TypeFormat>0</TypeFormat>
			</DataUnit>
		</Subfield>
		<Subfield>
			<DataUnit>
				<Name>Status reported by ADS-B</Name>
				<Bits>16</Bits>
				<TypeFormat>0</TypeFormat>
			</DataUnit>
		</Subfield>
		<Subfield>
			<DataUnit>
				<Name>ACAS Resolution Advisory Report - Octeto 1</Name>
				<Bits>8</Bits>
				<TypeFormat>0</TypeFormat>
			</DataUnit>
			<DataUnit>
				<Name>ACAS Resolution Advisory Report - Octeto 2</Name>
				<Bits>8</Bits>
				<TypeFormat>0</TypeFormat>
			</DataUnit>
			<DataUnit>
				<Name>ACAS Resolution Advisory Report - Octeto 3</Name>
				<Bits>8</Bits>
				<TypeFormat>0</TypeFormat>
			</DataUnit>
			<DataUnit>
				<Name>ACAS Resolution Advisory Report - Octeto 4</Name>
				<Bits>8</Bits>
				<TypeFormat>0</TypeFormat>
			</DataUnit>
			<DataUnit>
				<Name>ACAS Resolution Advisory Report - Octeto 5</Name>
				<Bits>8</Bits>
				<TypeFormat>0</TypeFormat>
			</DataUnit>
			<DataUnit>
				<Name>ACAS Resolution Advisory Report - Octeto 6</Name>
				<Bits>8</Bits>
				<TypeFormat>0</TypeFormat>
			</DataUnit>
			<DataUnit>
				<Name>ACAS Resolution Advisory Report - Octeto 7</Name>
				<Bits>8</Bits>
				<TypeFormat>0</TypeFormat>
			</DataUnit>
		</Subfield>
		<Subfield>
			<DataUnit>
				<Name>Barometric Vertical Rate</Name>
				<Bits>16</Bits>
				<TypeFormat>0</TypeFormat>
				<LSB>6.25</LSB>
			</DataUnit>
		</Subfield>
		<Subfield>
			<DataUnit>
				<Name>Geometric Vertical Rate</Name>
				<Bits>16</Bits>
				<TypeFormat>0</TypeFormat>
				<LSB>6.25</LSB>
			</DataUnit>
		</Subfield>
		<Subfield>
			<DataUnit>
				<Name>Roll Angle</Name>
				<Bits>16</Bits>
				<TypeFormat>1</TypeFormat>
				<LSB>0.01</LSB>
			</DataUnit>
		</Subfield>
		<Subfield>
			<DataUnit>
				<Name>Track Angle Rate</Name>
				<Bits>16</Bits>
				<TypeFormat>1</TypeFormat>
			</DataUnit>
		</Subfield>
		<Subfield>
			<DataUnit>
				<Name>Track Angle</Name>
				<Bits>16</Bits>
				<TypeFormat>1</TypeFormat>
				<LSB>0.0055</LSB>
			</DataUnit>
		</Subfield>
		<Subfield>
			<DataUnit>
				<Name>Ground Speed</Name>
				<Bits>16</Bits>
				<TypeFormat>1</TypeFormat>
				<LSB>6.103515625e-5</LSB>
			</DataUnit>
		</Subfield>
		<Subfield>
			<DataUnit>
				<Name>Velocity Uncertain</Name>
				<Bits>8</Bits>
				<TypeFormat>0</TypeFormat>
			</DataUnit>
		</Subfield>
		<Subfield>
			<DataUnit>
				<Name>WS</Name>
				<Bits>1</Bits>
				<TypeFormat>0</TypeFormat>
			</DataUnit>
			<DataUnit>
				<Name>WD</Name>
				<Bits>1</Bits>
				<TypeFormat>0</TypeFormat>
			</DataUnit>
			<DataUnit>
				<Name>TMP</Name>
				<Bits>1</Bits>
				<TypeFormat>0</TypeFormat>
			</DataUnit>
			<DataUnit>
				<Name>TRB</Name>
				<Bits>1</Bits>
				<TypeFormat>0</TypeFormat>
			</DataUnit>
			<DataUnit>
				<Name>Spare Bits (4 bits zero)</Name>
				<Bits>4</Bits>
				<TypeFormat>0</TypeFormat>
			</DataUnit>
			<DataUnit>
				<Name>Wind Speed</Name>
				<Bits>16</Bits>
				<TypeFormat>0</TypeFormat>
			</DataUnit>
			<DataUnit>
				<Name>Wind Direction</Name>
				<Bits>16</Bits>
				<TypeFormat>0</TypeFormat>
			</DataUnit>
			<DataUnit>
				<Name>Temperature</Name>
				<Bits>16</Bits>
				<TypeFormat>1</TypeFormat>
				<LSB>0.25</LSB>
			</DataUnit>
			<DataUnit>
				<Name>Turbulence</Name>
				<Bits>8</Bits>
				<TypeFormat>0</TypeFormat>
			</DataUnit>
		</Subfield>
		<Subfield>
			<DataUnit>
				<Name>ECAT</Name>
				<Bits>8</Bits>
				<TypeFormat>0</TypeFormat>
			</DataUnit>
		</Subfield>
		<Subfield>
			<DataUnit>
				<Name>Position - Latitude WGS84</Name>
				<Bits>24</Bits>
				<TypeFormat>1</TypeFormat>
				<LSB>2.145767e-5</LSB>
			</DataUnit>
			<DataUnit>
				<Name>Position - Longitude WGS84</Name>
				<Bits>24</Bits>
				<TypeFormat>1</TypeFormat>
				<LSB>2.145767e-5</LSB>
			</DataUnit>
		</Subfield>
		<Subfield>
			<DataUnit>
				<Name>Geomentric Altitude</Name>
				<Bits>16</Bits>
				<TypeFormat>1</TypeFormat>
				<LSB>6.25</LSB>
			</DataUnit>
		</Subfield>
		<Subfield>
			<DataUnit>
				<Name>Position Uncertainty</Name>
				<Bits>8</Bits>
				<TypeFormat>0</TypeFormat>
			</DataUnit>
		</Subfield>
		<Subfield>
			<DataUnit>
				<Name>TODO: Mode S MB Data - 1</Name>
				<Bits>32</Bits>
				<TypeFormat>0</TypeFormat>
			</DataUnit>
			<DataUnit>
				<Name>TODO: Mode S MB Data - 2</Name>
				<Bits>32</Bits>
				<TypeFormat>0</TypeFormat>
			</DataUnit>
			<DataUnit>
				<Name>TODO: Mode S MB Data - 3</Name>
				<Bits>8</Bits>
				<TypeFormat>0</TypeFormat>
			</DataUnit>
		</Subfield>
		<Subfield>
			<DataUnit>
				<Name>Indicated Air Speed</Name>
				<Bits>16</Bits>
				<TypeFormat>0</TypeFormat>
			</DataUnit>
		</Subfield>
		<Subfield>
			<DataUnit>
				<Name>Mach Number</Name>
				<Bits>16</Bits>
				<TypeFormat>0</TypeFormat>
				<LSB>0.008</LSB>
			</DataUnit>
		</Subfield>
		<Subfield>
			<DataUnit>
				<Name>Barometric Pressure Setting</Name>
				<Bits>16</Bits>
				<TypeFormat>0</TypeFormat>
				<LSB>0.1</LSB>
			</DataUnit>
		</Subfield>
	</DataItem>
	<DataItem>
		<Id>390</Id>
		<Name>TODO - Flight Plan Related Data</Name>
		<Type>0</Type>
		<DataUnit>
			<Name>TODO</Name>
			<Bits>8</Bits>
			<TypeFormat>0</TypeFormat>
			<LSB>1</LSB>
		</DataUnit>
	</DataItem>
	<DataItem>
		<Id>500</Id>
		<Name>Estimated Accuracies</Name>
		<Type>2</Type>
		<Subfield>
			<DataUnit>
				<Name>APC (X-Component)</Name>
				<Bits>16</Bits>
				<TypeFormat>0</TypeFormat>
				<LSB>0.5</LSB>
			</DataUnit>
			<DataUnit>
				<Name>APC (Y-Component)</Name>
				<Bits>16</Bits>
				<TypeFormat>0</TypeFormat>
				<LSB>0.5</LSB>
			</DataUnit>
		</Subfield>
		<Subfield>
			<DataUnit>
				<Name>XY Covariance</Name>
				<Bits>16</Bits>
				<TypeFormat>0</TypeFormat>
				<LSB>0.5</LSB>
			</DataUnit>
		</Subfield>
		<Subfield>
			<DataUnit>
				<Name>APW (Latitude Component)</Name>
				<Bits>16</Bits>
				<TypeFormat>0</TypeFormat>
				<LSB>5.36441803e-6</LSB>
			</DataUnit>
			<DataUnit>
				<Name>APW (Longitude Component)</Name>
				<Bits>16</Bits>
				<TypeFormat>0</TypeFormat>
				<LSB>5.36441803e-6</LSB>
			</DataUnit>
		</Subfield>
		<Subfield>
			<DataUnit>
				<Name>AGA</Name>
				<Bits>8</Bits>
				<TypeFormat>0</TypeFormat>
				<LSB>6.25</LSB>
			</DataUnit>
		</Subfield>
		<Subfield>
			<DataUnit>
				<Name>ABA</Name>
				<Bits>8</Bits>
				<TypeFormat>0</TypeFormat>
				<LSB>0.25</LSB>
			</DataUnit>
		</Subfield>
		<Subfield>
			<DataUnit>
				<Name>ATV (X-Component)</Name>
				<Bits>8</Bits>
				<TypeFormat>0</TypeFormat>
				<LSB>0.25</LSB>
			</DataUnit>
			<DataUnit>
				<Name>ATV (Y-Component)</Name>
				<Bits>8</Bits>
				<TypeFormat>0</TypeFormat>
				<LSB>0.25</LSB>
			</DataUnit>
		</Subfield>
		<Subfield>
			<DataUnit>
				<Name>AA (X-Component)</Name>
				<Bits>8</Bits>
				<TypeFormat>0</TypeFormat>
				<LSB>0.25</LSB>
			</DataUnit>
			<DataUnit>
				<Name>AA (Y-Component)</Name>
				<Bits>8</Bits>
				<TypeFormat>0</TypeFormat>
				<LSB>0.25</LSB>
			</DataUnit>
		</Subfield>
		<Subfield>
			<DataUnit>
				<Name>ARC</Name>
				<Bits>8</Bits>
				<TypeFormat>0</TypeFormat>
				<LSB>6.25</LSB>
			</DataUnit>
		</Subfield>
	</DataItem>
	<DataItem>
		<Id>510</Id>
		<Name>Composed Track Number</Name>
		<Type>1</Type>
		<Extent>
			<DataUnit>
				<Name>System Unit Identification 1</Name>
				<Bits>8</Bits>
				<TypeFormat>0</TypeFormat>
			</DataUnit>
			<DataUnit>
				<Name>System Track Number 1</Name>
				<Bits>15</Bits>
				<TypeFormat>0</TypeFormat>
			</DataUnit>
		</Extent>
		<Extent>
			<DataUnit>
				<Name>System Unit Identification 2</Name>
				<Bits>8</Bits>
				<TypeFormat>0</TypeFormat>
			</DataUnit>
			<DataUnit>
				<Name>System Track Number 2</Name>
				<Bits>15</Bits>
				<TypeFormat>0</TypeFormat>
			</DataUnit>
		</Extent>
		<Extent>
			<DataUnit>
				<Name>System Unit Identification 3</Name>
				<Bits>8</Bits>
				<TypeFormat>0</TypeFormat>
			</DataUnit>
			<DataUnit>
				<Name>System Track Number 3</Name>
				<Bits>15</Bits>
				<TypeFormat>0</TypeFormat>
			</DataUnit>
		</Extent>
		<Extent>
			<DataUnit>
				<Name>System Unit Identification 4</Name>
				<Bits>8</Bits>
				<TypeFormat>0</TypeFormat>
			</DataUnit>
			<DataUnit>
				<Name>System Track Number 4</Name>
				<Bits>15</Bits>
				<TypeFormat>0</TypeFormat>
			</DataUnit>
		</Extent>
		<Extent>
			<DataUnit>
				<Name>System Unit Identification 5</Name>
				<Bits>8</Bits>
				<TypeFormat>0</TypeFormat>
			</DataUnit>
			<DataUnit>
				<Name>System Track Number 5</Name>
				<Bits>15</Bits>
				<TypeFormat>0</TypeFormat>
			</DataUnit>
		</Extent>
		<Extent>
			<DataUnit>
				<Name>System Unit Identification 6</Name>
				<Bits>8</Bits>
				<TypeFormat>0</TypeFormat>
			</DataUnit>
			<DataUnit>
				<Name>System Track Number 6</Name>
				<Bits>15</Bits>
				<TypeFormat>0</TypeFormat>
			</DataUnit>
		</Extent>
		<Extent>
			<DataUnit>
				<Name>System Unit Identification 7</Name>
				<Bits>8</Bits>
				<TypeFormat>0</TypeFormat>
			</DataUnit>
			<DataUnit>
				<Name>System Track Number 7</Name>
				<Bits>15</Bits>
				<TypeFormat>0</TypeFormat>
			</DataUnit>
		</Extent>
		<Extent>
			<DataUnit>
				<Name>System Unit Identification 8</Name>
				<Bits>8</Bits>
				<TypeFormat>0</TypeFormat>
			</DataUnit>
			<DataUnit>
				<Name>System Track Number 8</Name>
				<Bits>15</Bits>
				<TypeFormat>0</TypeFormat>
			</DataUnit>
		</Extent>
		<Extent>
			<DataUnit>
				<Name>System Unit Identification 9</Name>
				<Bits>8</Bits>
				<TypeFormat>0</TypeFormat>
			</DataUnit>
			<DataUnit>
				<Name>System Track Number 9</Name>
				<Bits>15</Bits>
				<TypeFormat>0</TypeFormat>
			</DataUnit>
		</Extent>
		<Extent>
			<DataUnit>
				<Name>System Unit Identification 10</Name>
				<Bits>8</Bits>
				<TypeFormat>0</TypeFormat>
			</DataUnit>
			<DataUnit>
				<Name>System Track Number 10</Name>
				<Bits>15</Bits>
				<TypeFormat>0</TypeFormat>
			</DataUnit>
		</Extent>
		<Extent>
			<DataUnit>
				<Name>System Unit Identification 11</Name>
				<Bits>8</Bits>
				<TypeFormat>0</TypeFormat>
			</DataUnit>
			<DataUnit>
				<Name>System Track Number 11</Name>
				<Bits>15</Bits>
				<TypeFormat>0</TypeFormat>
			</DataUnit>
		</Extent>
		<Extent>
			<DataUnit>
				<Name>System Unit Identification 12</Name>
				<Bits>8</Bits>
				<TypeFormat>0</TypeFormat>
			</DataUnit>
			<DataUnit>
				<Name>System Track Number 12</Name>
				<Bits>15</Bits>
				<TypeFormat>0</TypeFormat>
			</DataUnit>
		</Extent>
		<Extent>
			<DataUnit>
				<Name>System Unit Identification 13</Name>
				<Bits>8</Bits>
				<TypeFormat>0</TypeFormat>
			</DataUnit>
			<DataUnit>
				<Name>System Track Number 13</Name>
				<Bits>15</Bits>
				<TypeFormat>0</TypeFormat>
			</DataUnit>
		</Extent>
		<Extent>
			<DataUnit>
				<Name>System Unit Identification 14</Name>
				<Bits>8</Bits>
				<TypeFormat>0</TypeFormat>
			</DataUnit>
			<DataUnit>
				<Name>System Track Number 14</Name>
				<Bits>15</Bits>
				<TypeFormat>0</TypeFormat>
			</DataUnit>
		</Extent>
		<Extent>
			<DataUnit>
				<Name>System Unit Identification 15</Name>
				<Bits>8</Bits>
				<TypeFormat>0</TypeFormat>
			</DataUnit>
			<DataUnit>
				<Name>System Track Number 15</Name>
				<Bits>15</Bits>
				<TypeFormat>0</TypeFormat>
			</DataUnit>
		</Extent>
	</DataItem>
</AsterixCategory>
