<?xml version="1.0" encoding="UTF-8"?>
<AsterixUAP cat="34">
	<DataField>
		<Id>1</Id>
		<DataItem>10</DataItem>
	</DataField>
	<DataField>
		<Id>2</Id>
		<DataItem>0</DataItem>
	</DataField>
	<DataField>
		<Id>3</Id>
		<DataItem>30</DataItem>
	</DataField>
	<DataField>
		<Id>4</Id>
		<DataItem>20</DataItem>
	</DataField>
	<DataField>
		<Id>5</Id>
		<DataItem>41</DataItem>
	</DataField>
	<DataField>
		<Id>6</Id>
		<DataItem>50</DataItem>
	</DataField>
	<DataField>
		<Id>7</Id>
		<DataItem>60</DataItem>
	</DataField>
	<DataField>
		<Id>8</Id>
		<DataItem>70</DataItem>
	</DataField>
	<DataField>
		<Id>9</Id>
		<DataItem>100</DataItem>
	</DataField>
	<DataField>
		<Id>10</Id>
		<DataItem>110</DataItem>
	</DataField>
	<DataField>
		<Id>11</Id>
		<DataItem>120</DataItem>
	</DataField>
	<DataField>
		<Id>12</Id>
		<DataItem>90</DataItem>
	</DataField>
	<DataField>
		<Id>13</Id>
		<DataItem>250</DataItem>
	</DataField>
</AsterixUAP>
