<?xml version="1.0" encoding="UTF-8"?>
<AsterixUAP cat="10">
	<DataField>
		<Id>1</Id>
		<DataItem>10</DataItem>
	</DataField>
	<DataField>
		<Id>2</Id>
		<DataItem>0</DataItem>
	</DataField>
	<DataField>
		<Id>3</Id>
		<DataItem>20</DataItem>
	</DataField>
	<DataField>
		<Id>4</Id>
		<DataItem>140</DataItem>
	</DataField>
	<DataField>
		<Id>5</Id>
		<DataItem>41</DataItem>
	</DataField>
	<DataField>
		<Id>6</Id>
		<DataItem>40</DataItem>
	</DataField>
	<DataField>
		<Id>7</Id>
		<DataItem>42</DataItem>
	</DataField>
	<DataField>
		<Id>8</Id>
		<DataItem>200</DataItem>
	</DataField>
	<DataField>
		<Id>9</Id>
		<DataItem>202</DataItem>
	</DataField>
	<DataField>
		<Id>10</Id>
		<DataItem>161</DataItem>
	</DataField>
	<DataField>
		<Id>11</Id>
		<DataItem>170</DataItem>
	</DataField>
	<DataField>
		<Id>12</Id>
		<DataItem>60</DataItem>
	</DataField>
	<DataField>
		<Id>13</Id>
		<DataItem>220</DataItem>
	</DataField>
	<DataField>
		<Id>14</Id>
		<DataItem>245</DataItem>
	</DataField>
	<DataField>
		<Id>15</Id>
		<DataItem>250</DataItem>
	</DataField>
	<DataField>
		<Id>16</Id>
		<DataItem>300</DataItem>
	</DataField>
	<DataField>
		<Id>17</Id>
		<DataItem>90</DataItem>
	</DataField>
	<DataField>
		<Id>18</Id>
		<DataItem>91</DataItem>
	</DataField>
	<DataField>
		<Id>19</Id>
		<DataItem>270</DataItem>
	</DataField>
	<DataField>
		<Id>20</Id>
		<DataItem>550</DataItem>
	</DataField>
	<DataField>
		<Id>21</Id>
		<DataItem>310</DataItem>
	</DataField>
	<DataField>
		<Id>22</Id>
		<DataItem>500</DataItem>
	</DataField>
	<DataField>
		<Id>23</Id>
		<DataItem>280</DataItem>
	</DataField>
	<DataField>
		<Id>24</Id>
		<DataItem>131</DataItem>
	</DataField>
	<DataField>
		<Id>25</Id>
		<DataItem>210</DataItem>
	</DataField>	
	<DataField>
		<Id>26</Id>
		<DataItem>800</DataItem>
	</DataField>
</AsterixUAP>
