<?xml version="1.0" encoding="UTF-8"?>
<AsterixUAP cat="21">
	<DataField>
		<Id>1</Id>
		<DataItem>10</DataItem>
	</DataField>
	<DataField>
		<Id>2</Id>
		<DataItem>40</DataItem>
	</DataField>
	<DataField>
		<Id>3</Id>
		<DataItem>161</DataItem>
	</DataField>
	<DataField>
		<Id>4</Id>
		<DataItem>15</DataItem>
	</DataField>
	<DataField>
		<Id>5</Id>
		<DataItem>71</DataItem>
	</DataField>
	<DataField>
		<Id>6</Id>
		<DataItem>130</DataItem>
	</DataField>
	<DataField>
		<Id>7</Id>
		<DataItem>131</DataItem>
	</DataField>
	<DataField>
		<Id>8</Id>
		<DataItem>72</DataItem>
	</DataField>
	<DataField>
		<Id>9</Id>
		<DataItem>150</DataItem>
	</DataField>
	<DataField>
		<Id>10</Id>
		<DataItem>151</DataItem>
	</DataField>
	<DataField>
		<Id>11</Id>
		<DataItem>80</DataItem>
	</DataField>
	<DataField>
		<Id>12</Id>
		<DataItem>73</DataItem>
	</DataField>
	<DataField>
		<Id>13</Id>
		<DataItem>74</DataItem>
	</DataField>
	<DataField>
		<Id>14</Id>
		<DataItem>75</DataItem>
	</DataField>
	<DataField>
		<Id>15</Id>
		<DataItem>76</DataItem>
	</DataField>
	<DataField>
		<Id>16</Id>
		<DataItem>140</DataItem>
	</DataField>
	<DataField>
		<Id>17</Id>
		<DataItem>90</DataItem>
	</DataField>
	<DataField>
		<Id>18</Id>
		<DataItem>210</DataItem>
	</DataField>
	<DataField>
		<Id>19</Id>
		<DataItem>70</DataItem>
	</DataField>
	<DataField>
		<Id>20</Id>
		<DataItem>230</DataItem>
	</DataField>
	<DataField>
		<Id>21</Id>
		<DataItem>145</DataItem>
	</DataField>
	<DataField>
		<Id>22</Id>
		<DataItem>152</DataItem>
	</DataField>
	<DataField>
		<Id>23</Id>
		<DataItem>200</DataItem>
	</DataField>
	<DataField>
		<Id>24</Id>
		<DataItem>155</DataItem>
	</DataField>
	<DataField>
		<Id>25</Id>
		<DataItem>157</DataItem>
	</DataField>
	<DataField>
		<Id>26</Id>
		<DataItem>160</DataItem>
	</DataField>
	<DataField>
		<Id>27</Id>
		<DataItem>165</DataItem>
	</DataField>
	<DataField>
		<Id>28</Id>
		<DataItem>77</DataItem>
	</DataField>
	<DataField>
		<Id>29</Id>
		<DataItem>170</DataItem>
	</DataField>
	<DataField>
		<Id>30</Id>
		<DataItem>20</DataItem>
	</DataField>
	<DataField>
		<Id>31</Id>
		<DataItem>220</DataItem>
	</DataField>
	<DataField>
		<Id>32</Id>
		<DataItem>146</DataItem>
	</DataField>
	<DataField>
		<Id>33</Id>
		<DataItem>148</DataItem>
	</DataField>
	<DataField>
		<Id>34</Id>
		<DataItem>110</DataItem>
	</DataField>
	<DataField>
		<Id>35</Id>
		<DataItem>16</DataItem>
	</DataField>
	<DataField>
		<Id>36</Id>
		<DataItem>08</DataItem>
	</DataField>
	<DataField>
		<Id>37</Id>
		<DataItem>271</DataItem>
	</DataField>
	<DataField>
		<Id>38</Id>
		<DataItem>132</DataItem>
	</DataField>
	<DataField>
		<Id>39</Id>
		<DataItem>250</DataItem>
	</DataField>
	<DataField>
		<Id>40</Id>
		<DataItem>260</DataItem>
	</DataField>
	<DataField>
		<Id>41</Id>
		<DataItem>400</DataItem>
	</DataField>
	<DataField>
		<Id>42</Id>
		<DataItem>295</DataItem>
	</DataField>
</AsterixUAP>