<?xml version="1.0" encoding="UTF-8"?>
<mappings xmlns="http://dozer.sourceforge.net"
          xmlns:xsi="http://www.w3.org/2001/XMLSchema-instance"
          xsi:schemaLocation="http://dozer.sourceforge.net
          http://dozer.sourceforge.net/schema/beanmapping.xsd">
 
	<configuration>
		<stop-on-errors>false</stop-on-errors>
		<date-format>dd/MM/yyyy</date-format> <!-- default dateformat will apply to all class maps unless the class mapping explicitly overrides it -->
		<wildcard>true</wildcard> <!-- default wildcard policy that will apply to all class maps unless the class mapping explicitly overrides it -->
	</configuration>
	
	<mapping map-null="true" >
    	<class-a>br.jus.tse.eleitoral.eleitor.dominio.negocio.models.Eleitor</class-a>
	    <class-b>br.jus.tse.eleitoral.eleitor.integracao.webservices.dto.EleitorDTO</class-b>
	    
		<field-exclude>
			<a>secao.uf</a>
			<b>secao.uf</b>
		</field-exclude>
		
		<field-exclude>	
			<a>secao.zona</a>
			<b>secao.zona</b>
		</field-exclude>
		
		<field-exclude>
			<a>secao.municipio</a>
			<b>secao.municipio</b>
		</field-exclude>
		
		<field-exclude>	
			<a>secao.localVotacao</a>
			<b>secao.localVotacao</b>
		</field-exclude>
	</mapping>
	
</mappings>