<?xml version="1.0" encoding="UTF-8"?>
<jboss-deployment-structure>
	<deployment>
		<dependencies>
			<module name="org.apache.cxf.impl">
				<imports>
					<include path="META-INF**" />
					<include path="org**" />
				</imports>
			</module>
			
			<module name="org.springframework.spring">
				<imports>
					<include path="META-INF**" />
					<include path="org**" />
				</imports>
			</module>
			
			<module name="org.hibernate"/>
		</dependencies>
	</deployment>
</jboss-deployment-structure>